sale_id,date,modified_field,before,after,flag
15,2026-09-09 09:46:54.359810,date,2025-08-25,2025-08-25,OUTLIER
21,2026-09-09 09:46:54.378150,date,2025-08-31,2025-08-31,OUTLIER
106,2026-09-09 09:46:54.600474,date,2025-08-29,2025-08-29,OUTLIER
115,2026-09-09 09:46:54.623331,date,2025-09-01,2025-09-01,OUTLIER
140,2026-09-09 09:46:54.696017,quantity,-10,,INVALID
140,2026-09-09 09:46:54.697576,quantity,,39,CALCULATED
162,2026-09-09 09:46:54.752288,date,2025-09-07,2025-09-07,OUTLIER
167,2026-09-09 09:46:54.767207,date,2025-08-30,2025-08-30,OUTLIER
193,2026-09-09 09:46:54.831233,product_id,P999,P999,INVALID
249,2026-09-09 09:46:54.984354,date,2026/01/09,2026-01-09,TYPE_FIXED
272,2026-09-09 09:46:55.046176,date,2025-08-30,2025-08-30,OUTLIER
278,2026-09-09 09:46:55.062824,date,2025-08-29,2025-08-29,OUTLIER
302,2026-09-09 09:46:55.125087,date,2025-09-01,2025-09-01,OUTLIER
304,2026-09-09 09:46:55.136487,date,2025-09-03,2025-09-03,OUTLIER
314,2026-09-09 09:46:55.176087,date,2026/03/06,2026-03-06,TYPE_FIXED
327,2026-09-09 09:46:55.208175,date,2026/04/16,2026-04-16,TYPE_FIXED
329,2026-09-09 09:46:55.214066,date,2025-08-27,2025-08-27,OUTLIER
385,2026-09-09 09:46:55.353220,total_price_rial,"24,244,000",24244000,TYPE_FIXED
397,2026-09-09 09:46:55.382218,date,2025/09/22,2025-09-22,TYPE_FIXED
401,2026-09-09 09:46:55.391849,date,2025-09-06,2025-09-06,OUTLIER
427,2026-09-09 09:46:55.459227,date,2025-08-30,2025-08-30,OUTLIER
439,2026-09-09 09:46:55.497769,date,2025-08-27,2025-08-27,OUTLIER
453,2026-09-09 09:46:55.533722,date,2025-08-24,2025-08-24,OUTLIER
476,2026-09-09 09:46:55.588411,date,2025-09-02,2025-09-02,OUTLIER
498,2026-09-09 09:46:55.640481,total_price_rial,18643400,18643400,INCONSISTENT
510,2026-09-09 09:46:55.666555,date,2025-08-30,2025-08-30,OUTLIER
553,2026-09-09 09:46:55.773536,date,2025-09-03,2025-09-03,OUTLIER
608,2026-09-09 09:46:55.909914,date,2025-09-07,2025-09-07,OUTLIER
626,2026-09-09 09:46:55.953780,date,2025-09-02,2025-09-02,OUTLIER
645,2026-09-09 09:46:55.997803,quantity,-1,,INVALID
645,2026-09-09 09:46:55.998830,quantity,,93,CALCULATED
647,2026-09-09 09:46:56.004290,quantity,-9,,INVALID
647,2026-09-09 09:46:56.005133,quantity,,23,CALCULATED
655,2026-09-09 09:46:56.024955,date,2025-08-29,2025-08-29,OUTLIER
671,2026-09-09 09:46:56.064649,date,2025-08-24,2025-08-24,OUTLIER
674,2026-09-09 09:46:56.072856,date,2025-08-28,2025-08-28,OUTLIER
679,2026-09-09 09:46:56.086670,product_id,P999,P999,INVALID
710,2026-09-09 09:46:56.164260,date,2025-09-06,2025-09-06,OUTLIER
727,2026-09-09 09:46:56.204413,distribution_id,,,UNKNOWN
735,2026-09-09 09:46:56.223402,date,2026/07/08,2026-07-08,TYPE_FIXED
748,2026-09-09 09:46:56.257198,product_id,P999,P999,INVALID
819,2026-09-09 09:46:56.430387,date,2025-08-31,2025-08-31,OUTLIER
834,2026-09-09 09:46:56.466843,date,2025-09-03,2025-09-03,OUTLIER
838,2026-09-09 09:46:56.477978,distribution_id,,,UNKNOWN
843,2026-09-09 09:46:56.491298,date,2025/10/30,2025-10-30,TYPE_FIXED
874,2026-09-09 09:46:56.568369,discount_percent,110,,INVALID
874,2026-09-09 09:46:56.569327,discount_percent,,6,CALCULATED
888,2026-09-09 09:46:56.607166,total_price_rial,"21,018,400",21018400,TYPE_FIXED
918,2026-09-09 09:46:56.697572,date,2025-09-08,2025-09-08,OUTLIER
928,2026-09-09 09:46:56.735888,date,2025-09-06,2025-09-06,OUTLIER
932,2026-09-09 09:46:56.746368,date,2025-08-24,2025-08-24,OUTLIER
976,2026-09-09 09:46:56.859661,date,2025-09-02,2025-09-02,OUTLIER
993,2026-09-09 09:46:56.904238,date,2025-08-29,2025-08-29,OUTLIER
1013,2026-09-09 09:46:56.954424,date,2025-08-28,2025-08-28,OUTLIER
1030,2026-09-09 09:46:56.998778,date,2025-08-25,2025-08-25,OUTLIER
1035,2026-09-09 09:46:57.013367,quantity,-9,,INVALID
1035,2026-09-09 09:46:57.014290,quantity,,53,CALCULATED
1057,2026-09-09 09:46:57.069843,date,2025-09-01,2025-09-01,OUTLIER
1090,2026-09-09 09:46:57.149093,date,2025-08-26,2025-08-26,OUTLIER
1114,2026-09-09 09:46:57.214690,date,2025-08-24,2025-08-24,OUTLIER
1149,2026-09-09 09:46:57.316621,date,2025-08-27,2025-08-27,OUTLIER
1151,2026-09-09 09:46:57.322159,date,2025-09-01,2025-09-01,OUTLIER
1182,2026-09-09 09:46:57.397815,date,2025-09-04,2025-09-04,OUTLIER
1187,2026-09-09 09:46:57.411476,date,2025-09-03,2025-09-03,OUTLIER
1203,2026-09-09 09:46:57.450097,product_id,P999,P999,INVALID
1208,2026-09-09 09:46:57.464202,date,2025-09-06,2025-09-06,OUTLIER
1211,2026-09-09 09:46:57.472321,date,2025-09-03,2025-09-03,OUTLIER
1222,2026-09-09 09:46:57.501798,date,2025-08-30,2025-08-30,OUTLIER
1238,2026-09-09 09:46:57.539339,date,2025-09-08,2025-09-08,OUTLIER
1260,2026-09-09 09:46:57.596745,date,2025-08-28,2025-08-28,OUTLIER
1275,2026-09-09 09:46:57.664043,date,2025-09-01,2025-09-01,OUTLIER
1276,2026-09-09 09:46:57.676728,sale_id,1276,1276,DUPLICATE
1300,2026-09-09 09:46:57.758881,total_price_rial,"179,117,000",179117000,TYPE_FIXED
1328,2026-09-09 09:46:57.834242,date,2025-08-26,2025-08-26,OUTLIER
1335,2026-09-09 09:46:57.853721,date,2025-08-25,2025-08-25,OUTLIER
1348,2026-09-09 09:46:57.888045,date,2025-09-05,2025-09-05,OUTLIER
1357,2026-09-09 09:46:57.915958,sale_id,1357,1357,DUPLICATE
1364,2026-09-09 09:46:57.934294,date,2025-08-27,2025-08-27,OUTLIER
1391,2026-09-09 09:46:58.008032,date,2025-09-06,2025-09-06,OUTLIER
1413,2026-09-09 09:46:58.069944,unit_price_rial,,,MISSING
1413,2026-09-09 09:46:58.071132,unit_price_rial,,720000,CALCULATED
1419,2026-09-09 09:46:58.087249,date,2025-09-08,2025-09-08,OUTLIER
1439,2026-09-09 09:46:58.142642,distribution_id,,,UNKNOWN
1443,2026-09-09 09:46:58.154146,unit_price_rial,,,MISSING
1443,2026-09-09 09:46:58.155218,unit_price_rial,,590000,CALCULATED
1451,2026-09-09 09:46:58.174349,date,2025-09-03,2025-09-03,OUTLIER
1465,2026-09-09 09:46:58.208940,date,2026/02/18,2026-02-18,TYPE_FIXED
1473,2026-09-09 09:46:58.230219,date,2025-09-01,2025-09-01,OUTLIER
1477,2026-09-09 09:46:58.242635,distribution_id,,,UNKNOWN
1487,2026-09-09 09:46:58.268402,date,2025-08-31,2025-08-31,OUTLIER
1501,2026-09-09 09:46:58.305196,date,2025-09-04,2025-09-04,OUTLIER
1532,2026-09-09 09:46:58.402777,date,2025-09-08,2025-09-08,OUTLIER
1535,2026-09-09 09:46:58.412714,date,2025-09-01,2025-09-01,OUTLIER
1561,2026-09-09 09:46:58.487158,date,2025-08-31,2025-08-31,OUTLIER
1562,2026-09-09 09:46:58.490437,date,2025-08-25,2025-08-25,OUTLIER
1565,2026-09-09 09:46:58.498611,date,2025-09-04,2025-09-04,OUTLIER
1585,2026-09-09 09:46:58.549641,date,2025-09-07,2025-09-07,OUTLIER
1602,2026-09-09 09:46:58.595688,date,2025-09-01,2025-09-01,OUTLIER
1631,2026-09-09 09:46:58.672249,date,2025-08-28,2025-08-28,OUTLIER
1662,2026-09-09 09:46:58.760787,date,2025-08-26,2025-08-26,OUTLIER
1687,2026-09-09 09:46:58.831929,product_id,P999,P999,INVALID
1703,2026-09-09 09:46:58.870027,date,2025-08-31,2025-08-31,OUTLIER
1723,2026-09-09 09:46:58.922181,quantity,-2,,INVALID
1723,2026-09-09 09:46:58.923711,quantity,,116,CALCULATED
1739,2026-09-09 09:46:58.968260,date,2025-08-31,2025-08-31,OUTLIER
1758,2026-09-09 09:46:59.019569,date,2025-09-08,2025-09-08,OUTLIER
1759,2026-09-09 09:46:59.023177,date,2025-08-28,2025-08-28,OUTLIER
1760,2026-09-09 09:46:59.026580,date,2025-09-01,2025-09-01,OUTLIER
1765,2026-09-09 09:46:59.040564,date,2025-08-24,2025-08-24,OUTLIER
1775,2026-09-09 09:46:59.065942,distribution_id,,,UNKNOWN
1777,2026-09-09 09:46:59.071538,date,2025-09-04,2025-09-04,OUTLIER
1810,2026-09-09 09:46:59.172350,date,2025-08-30,2025-08-30,OUTLIER
1813,2026-09-09 09:46:59.181539,date,2025-09-07,2025-09-07,OUTLIER
1835,2026-09-09 09:46:59.241948,date,2025-08-30,2025-08-30,OUTLIER
1841,2026-09-09 09:46:59.260857,distribution_id,,,UNKNOWN
1853,2026-09-09 09:46:59.297789,date,2025-09-06,2025-09-06,OUTLIER
1863,2026-09-09 09:46:59.324223,date,2025-09-04,2025-09-04,OUTLIER
1868,2026-09-09 09:46:59.342050,sale_id,1868,1868,DUPLICATE
1911,2026-09-09 09:46:59.454232,date,2025-08-31,2025-08-31,OUTLIER
1929,2026-09-09 09:46:59.510451,date,2025-08-31,2025-08-31,OUTLIER
1954,2026-09-09 09:46:59.579357,date,2025-09-02,2025-09-02,OUTLIER
2007,2026-09-09 09:46:59.742363,date,2025-09-01,2025-09-01,OUTLIER
2021,2026-09-09 09:46:59.780263,date,2025-09-02,2025-09-02,OUTLIER
2047,2026-09-09 09:46:59.848845,date,2025-09-02,2025-09-02,OUTLIER
2081,2026-09-09 09:46:59.939120,product_id,P999,P999,INVALID
2105,2026-09-09 09:47:00.025482,date,2025-08-28,2025-08-28,OUTLIER
2131,2026-09-09 09:47:00.097148,date,2025-09-01,2025-09-01,OUTLIER
2138,2026-09-09 09:47:00.115679,date,2025-08-25,2025-08-25,OUTLIER
2143,2026-09-09 09:47:00.129614,date,2025-08-26,2025-08-26,OUTLIER
2146,2026-09-09 09:47:00.137571,date,2025-09-05,2025-09-05,OUTLIER
2185,2026-09-09 09:47:00.241123,date,2025-08-24,2025-08-24,OUTLIER
2226,2026-09-09 09:47:00.346654,date,2025-09-04,2025-09-04,OUTLIER
2233,2026-09-09 09:47:00.364968,date,2025-09-06,2025-09-06,OUTLIER
2236,2026-09-09 09:47:00.375036,sale_id,2236,2236,DUPLICATE
2271,2026-09-09 09:47:00.459426,discount_percent,110,,INVALID
2271,2026-09-09 09:47:00.460252,discount_percent,,0,CALCULATED
2279,2026-09-09 09:47:00.480167,distribution_id,,,UNKNOWN
2288,2026-09-09 09:47:00.507470,date,2025-09-05,2025-09-05,OUTLIER
2290,2026-09-09 09:47:00.513965,date,2025-09-04,2025-09-04,OUTLIER
2297,2026-09-09 09:47:00.535559,sale_id,2297,2297,DUPLICATE
2317,2026-09-09 09:47:00.589703,date,2025-08-28,2025-08-28,OUTLIER
2330,2026-09-09 09:47:00.626031,date,2026/01/14,2026-01-14,TYPE_FIXED
2335,2026-09-09 09:47:00.641304,product_id,P999,P999,INVALID
2338,2026-09-09 09:47:00.654115,sale_id,2338,2338,DUPLICATE
2355,2026-09-09 09:47:00.697050,date,2026/04/05,2026-04-05,TYPE_FIXED
2379,2026-09-09 09:47:00.762489,date,2025-08-25,2025-08-25,OUTLIER
2387,2026-09-09 09:47:00.785455,date,2025-09-06,2025-09-06,OUTLIER
2412,2026-09-09 09:47:00.852466,date,2025-09-08,2025-09-08,OUTLIER
2412,2026-09-09 09:47:00.853978,distribution_id,,,UNKNOWN
2423,2026-09-09 09:47:00.885097,quantity,-8,,INVALID
2423,2026-09-09 09:47:00.886214,quantity,,18,CALCULATED
2446,2026-09-09 09:47:00.948556,date,2025-09-02,2025-09-02,OUTLIER
2452,2026-09-09 09:47:00.963798,date,2025-08-29,2025-08-29,OUTLIER
2460,2026-09-09 09:47:00.992399,date,2025-09-01,2025-09-01,OUTLIER
2466,2026-09-09 09:47:01.009122,date,2025-08-24,2025-08-24,OUTLIER
2496,2026-09-09 09:47:01.095234,date,2025-08-29,2025-08-29,OUTLIER
2501,2026-09-09 09:47:01.112768,total_price_rial,60912000,60912000,INCONSISTENT
2506,2026-09-09 09:47:01.133939,date,2025-08-25,2025-08-25,OUTLIER
2510,2026-09-09 09:47:01.145309,date,2026/06/03,2026-06-03,TYPE_FIXED
2513,2026-09-09 09:47:01.162209,date,2025-09-01,2025-09-01,OUTLIER
2529,2026-09-09 09:47:01.224137,date,2025-08-25,2025-08-25,OUTLIER
2565,2026-09-09 09:47:01.462870,date,2025-09-01,2025-09-01,OUTLIER
2570,2026-09-09 09:47:01.491354,date,2025-09-08,2025-09-08,OUTLIER
2581,2026-09-09 09:47:01.550924,date,2025-09-02,2025-09-02,OUTLIER
2605,2026-09-09 09:47:01.661294,distribution_id,,,UNKNOWN
2624,2026-09-09 09:47:01.750602,date,2025-08-31,2025-08-31,OUTLIER
2652,2026-09-09 09:47:01.871251,sale_id,2652,2652,DUPLICATE
2657,2026-09-09 09:47:01.888542,date,2025-08-24,2025-08-24,OUTLIER
2658,2026-09-09 09:47:01.894735,date,2025-09-08,2025-09-08,OUTLIER
2700,2026-09-09 09:47:02.064868,date,2025-09-08,2025-09-08,OUTLIER
2713,2026-09-09 09:47:02.129338,date,2025-08-27,2025-08-27,OUTLIER
2716,2026-09-09 09:47:02.140223,date,2025-09-08,2025-09-08,OUTLIER
2723,2026-09-09 09:47:02.172388,date,2025-08-29,2025-08-29,OUTLIER
2770,2026-09-09 09:47:02.369712,date,2025-08-30,2025-08-30,OUTLIER
2791,2026-09-09 09:47:02.452439,date,2025-09-06,2025-09-06,OUTLIER
2798,2026-09-09 09:47:02.484123,total_price_rial,"30,531,200",30531200,TYPE_FIXED
2807,2026-09-09 09:47:02.519542,product_id,P999,P999,INVALID
2821,2026-09-09 09:47:02.578837,date,2025-08-28,2025-08-28,OUTLIER
2834,2026-09-09 09:47:02.660719,date,2026/05/17,2026-05-17,TYPE_FIXED
2848,2026-09-09 09:47:02.745572,date,2025-08-28,2025-08-28,OUTLIER
2851,2026-09-09 09:47:02.764048,date,2025-08-31,2025-08-31,OUTLIER
2877,2026-09-09 09:47:02.888311,date,2025-08-28,2025-08-28,OUTLIER
2883,2026-09-09 09:47:02.917585,distribution_id,,,UNKNOWN
2895,2026-09-09 09:47:02.963238,date,2025-09-06,2025-09-06,OUTLIER
2911,2026-09-09 09:47:03.031365,unit_price_rial,,,MISSING
2911,2026-09-09 09:47:03.033196,unit_price_rial,,720000,CALCULATED
2915,2026-09-09 09:47:03.046319,date,2025-09-03,2025-09-03,OUTLIER
2918,2026-09-09 09:47:03.058431,date,2025-09-01,2025-09-01,OUTLIER
2942,2026-09-09 09:47:03.149806,quantity,-7,,INVALID
2942,2026-09-09 09:47:03.151131,quantity,,22,CALCULATED
2949,2026-09-09 09:47:03.179275,date,2025-09-01,2025-09-01,OUTLIER
2956,2026-09-09 09:47:03.201034,date,2025-09-08,2025-09-08,OUTLIER
2967,2026-09-09 09:47:03.236853,date,2025-09-01,2025-09-01,OUTLIER
2972,2026-09-09 09:47:03.257709,total_price_rial,"134,504,000",134504000,TYPE_FIXED
2979,2026-09-09 09:47:03.282654,date,2025/12/08,2025-12-08,TYPE_FIXED
2989,2026-09-09 09:47:03.317219,distribution_id,,,UNKNOWN
2991,2026-09-09 09:47:03.324963,date,2025-08-26,2025-08-26,OUTLIER
3014,2026-09-09 09:47:03.416588,date,2025-08-31,2025-08-31,OUTLIER
3025,2026-09-09 09:47:03.456537,date,2025-09-06,2025-09-06,OUTLIER
3027,2026-09-09 09:47:03.468045,total_price_rial,"115,710,000",115710000,TYPE_FIXED
3030,2026-09-09 09:47:03.480661,date,2025-09-02,2025-09-02,OUTLIER
3039,2026-09-09 09:47:03.518049,date,2025-08-25,2025-08-25,OUTLIER
3044,2026-09-09 09:47:03.538766,date,2025-08-28,2025-08-28,OUTLIER
3067,2026-09-09 09:47:03.633003,discount_percent,110,,INVALID
3067,2026-09-09 09:47:03.633862,discount_percent,,3,CALCULATED
3097,2026-09-09 09:47:03.757180,sale_id,3097,3097,DUPLICATE
3107,2026-09-09 09:47:03.790619,date,2025-08-24,2025-08-24,OUTLIER
3111,2026-09-09 09:47:03.807421,date,2025-09-03,2025-09-03,OUTLIER
3115,2026-09-09 09:47:03.829840,date,2025-08-31,2025-08-31,OUTLIER
3131,2026-09-09 09:47:03.895991,distribution_id,,,UNKNOWN
3147,2026-09-09 09:47:03.954755,date,2025-09-03,2025-09-03,OUTLIER
3148,2026-09-09 09:47:03.961166,date,2025-09-06,2025-09-06,OUTLIER
3197,2026-09-09 09:47:04.152054,product_id,P999,P999,INVALID
3226,2026-09-09 09:47:04.268489,date,2025-08-28,2025-08-28,OUTLIER
3324,2026-09-09 09:47:04.669066,product_id,P999,P999,INVALID
3329,2026-09-09 09:47:04.684597,date,2025-08-25,2025-08-25,OUTLIER
3341,2026-09-09 09:47:04.737961,date,2025-08-28,2025-08-28,OUTLIER
3351,2026-09-09 09:47:04.781648,date,2025-09-05,2025-09-05,OUTLIER
3361,2026-09-09 09:47:04.826019,date,2025-08-31,2025-08-31,OUTLIER
3361,2026-09-09 09:47:04.827807,distribution_id,,,UNKNOWN
3367,2026-09-09 09:47:04.852522,date,2025-08-28,2025-08-28,OUTLIER
3370,2026-09-09 09:47:04.865330,date,2026/03/12,2026-03-12,TYPE_FIXED
3400,2026-09-09 09:47:04.984131,date,2025-09-01,2025-09-01,OUTLIER
3411,2026-09-09 09:47:05.026719,date,2025-09-08,2025-09-08,OUTLIER
3415,2026-09-09 09:47:05.043806,date,2025-09-07,2025-09-07,OUTLIER
3433,2026-09-09 09:47:05.113529,date,2025-09-03,2025-09-03,OUTLIER
3437,2026-09-09 09:47:05.133647,date,2025-09-06,2025-09-06,OUTLIER
3456,2026-09-09 09:47:05.205284,date,2025-08-25,2025-08-25,OUTLIER
3484,2026-09-09 09:47:05.320562,date,2025-08-24,2025-08-24,OUTLIER
3507,2026-09-09 09:47:05.415773,product_id,P999,P999,INVALID
3508,2026-09-09 09:47:05.422017,date,2025-09-04,2025-09-04,OUTLIER
3514,2026-09-09 09:47:05.450131,date,2025-08-30,2025-08-30,OUTLIER
3525,2026-09-09 09:47:05.497133,distribution_id,,,UNKNOWN
3540,2026-09-09 09:47:05.558264,date,2025-08-26,2025-08-26,OUTLIER
3568,2026-09-09 09:47:05.672697,date,2025-09-06,2025-09-06,OUTLIER
3571,2026-09-09 09:47:05.686071,date,2025-09-01,2025-09-01,OUTLIER
3575,2026-09-09 09:47:05.705283,date,2025-09-02,2025-09-02,OUTLIER
3583,2026-09-09 09:47:05.737964,date,2025-08-29,2025-08-29,OUTLIER
3654,2026-09-09 09:47:06.060003,date,2025-09-01,2025-09-01,OUTLIER
3657,2026-09-09 09:47:06.074601,date,2025-09-07,2025-09-07,OUTLIER
3669,2026-09-09 09:47:06.122340,date,2025-08-27,2025-08-27,OUTLIER
3683,2026-09-09 09:47:06.185968,date,2025-09-01,2025-09-01,OUTLIER
3694,2026-09-09 09:47:06.223754,date,2026/03/01,2026-03-01,TYPE_FIXED
3698,2026-09-09 09:47:06.241726,date,2025-09-04,2025-09-04,OUTLIER
3700,2026-09-09 09:47:06.249704,date,2025-09-07,2025-09-07,OUTLIER
3712,2026-09-09 09:47:06.296090,date,2025-08-31,2025-08-31,OUTLIER
3713,2026-09-09 09:47:06.302843,date,2025-09-05,2025-09-05,OUTLIER
3715,2026-09-09 09:47:06.311755,date,2025-09-05,2025-09-05,OUTLIER
3754,2026-09-09 09:47:06.461652,date,2025-08-26,2025-08-26,OUTLIER
3755,2026-09-09 09:47:06.468827,date,2025-08-28,2025-08-28,OUTLIER
3784,2026-09-09 09:47:06.591240,date,2026/05/19,2026-05-19,TYPE_FIXED
3789,2026-09-09 09:47:06.612282,date,2025-09-04,2025-09-04,OUTLIER
3794,2026-09-09 09:47:06.636703,date,2025-09-08,2025-09-08,OUTLIER
3801,2026-09-09 09:47:06.665980,date,2025-08-26,2025-08-26,OUTLIER
3802,2026-09-09 09:47:06.670324,date,2025-08-30,2025-08-30,OUTLIER
3804,2026-09-09 09:47:06.680927,date,2025-09-08,2025-09-08,OUTLIER
3809,2026-09-09 09:47:06.701570,total_price_rial,"43,218,000",43218000,TYPE_FIXED
3814,2026-09-09 09:47:06.722720,date,2025-08-26,2025-08-26,OUTLIER
3814,2026-09-09 09:47:06.724964,distribution_id,,,UNKNOWN
3829,2026-09-09 09:47:06.786859,date,2025-08-24,2025-08-24,OUTLIER
3833,2026-09-09 09:47:06.804929,date,2025-08-26,2025-08-26,OUTLIER
3849,2026-09-09 09:47:06.869933,date,2025-08-29,2025-08-29,OUTLIER
3886,2026-09-09 09:47:07.050122,date,2025-08-25,2025-08-25,OUTLIER
3908,2026-09-09 09:47:07.168517,product_id,P999,P999,INVALID
3909,2026-09-09 09:47:07.174877,date,2025-09-03,2025-09-03,OUTLIER
3921,2026-09-09 09:47:07.237013,date,2025-09-01,2025-09-01,OUTLIER
3926,2026-09-09 09:47:07.277236,date,2025-09-02,2025-09-02,OUTLIER
3927,2026-09-09 09:47:07.287183,date,2025-08-25,2025-08-25,OUTLIER
3938,2026-09-09 09:47:07.344882,date,2025-09-08,2025-09-08,OUTLIER
3945,2026-09-09 09:47:07.384218,date,2026/01/31,2026-01-31,TYPE_FIXED
3956,2026-09-09 09:47:07.451128,date,2025-09-06,2025-09-06,OUTLIER
3989,2026-09-09 09:47:07.612398,date,2025-08-27,2025-08-27,OUTLIER
3990,2026-09-09 09:47:07.618971,date,2025/12/27,2025-12-27,TYPE_FIXED
3991,2026-09-09 09:47:07.627851,product_id,P999,P999,INVALID
3991,2026-09-09 09:47:07.638675,sale_id,3991,3992,TYPE_FIXED
3995,2026-09-09 09:47:07.657307,date,2025-08-26,2025-08-26,OUTLIER
4005,2026-09-09 09:47:07.710409,date,2025-08-25,2025-08-25,OUTLIER
4010,2026-09-09 09:47:07.739056,date,2025-09-04,2025-09-04,OUTLIER
4015,2026-09-09 09:47:07.769637,date,2025-08-26,2025-08-26,OUTLIER
4018,2026-09-09 09:47:07.788937,date,2025-09-02,2025-09-02,OUTLIER
4024,2026-09-09 09:47:07.824005,sale_id,4024,4024,DUPLICATE
4045,2026-09-09 09:47:07.919990,date,2025-08-29,2025-08-29,OUTLIER
4065,2026-09-09 09:47:08.023445,unit_price_rial,,,MISSING
4065,2026-09-09 09:47:08.026069,unit_price_rial,,720000,CALCULATED
4077,2026-09-09 09:47:08.088651,date,2025-08-31,2025-08-31,OUTLIER
4084,2026-09-09 09:47:08.122458,distribution_id,,,UNKNOWN
4119,2026-09-09 09:47:08.281622,date,2025-08-27,2025-08-27,OUTLIER
4137,2026-09-09 09:47:08.377122,distribution_id,,,UNKNOWN
4140,2026-09-09 09:47:08.393223,total_price_rial,"11,289,600",11289600,TYPE_FIXED
4151,2026-09-09 09:47:08.445548,date,2025-09-05,2025-09-05,OUTLIER
4173,2026-09-09 09:47:08.552326,date,2025-08-24,2025-08-24,OUTLIER
4189,2026-09-09 09:47:08.639071,date,2025-09-07,2025-09-07,OUTLIER
4203,2026-09-09 09:47:08.708871,date,2025-08-26,2025-08-26,OUTLIER
4243,2026-09-09 09:47:08.904186,date,2025-09-06,2025-09-06,OUTLIER
4259,2026-09-09 09:47:08.979269,date,2025-09-05,2025-09-05,OUTLIER
4278,2026-09-09 09:47:09.075892,date,2025-09-05,2025-09-05,OUTLIER
4278,2026-09-09 09:47:09.083070,sale_id,4278,4278,DUPLICATE
4278,2026-09-09 09:47:09.085448,date,2025-09-05,2025-09-05,OUTLIER
4293,2026-09-09 09:47:09.152788,distribution_id,,,UNKNOWN
4300,2026-09-09 09:47:09.187080,product_id,P999,P999,INVALID
4307,2026-09-09 09:47:09.219583,date,2025-09-02,2025-09-02,OUTLIER
4361,2026-09-09 09:47:09.465449,unit_price_rial,,,MISSING
4361,2026-09-09 09:47:09.467348,unit_price_rial,,520000,CALCULATED
4372,2026-09-09 09:47:09.518483,date,2026/01/11,2026-01-11,TYPE_FIXED
4379,2026-09-09 09:47:09.553057,product_id,P999,P999,INVALID
4384,2026-09-09 09:47:09.576111,date,2025-09-01,2025-09-01,OUTLIER
4397,2026-09-09 09:47:09.636960,date,2025-08-30,2025-08-30,OUTLIER
4406,2026-09-09 09:47:09.683202,date,2025-09-04,2025-09-04,OUTLIER
4427,2026-09-09 09:47:09.778322,date,2025-08-25,2025-08-25,OUTLIER
4432,2026-09-09 09:47:09.803870,date,2025-08-28,2025-08-28,OUTLIER
4440,2026-09-09 09:47:09.841479,distribution_id,,,UNKNOWN
4453,2026-09-09 09:47:09.898137,date,2025-09-05,2025-09-05,OUTLIER
4461,2026-09-09 09:47:09.935649,date,2026/02/27,2026-02-27,TYPE_FIXED
4474,2026-09-09 09:47:09.994744,date,2025-08-30,2025-08-30,OUTLIER
4497,2026-09-09 09:47:10.098614,date,2025-09-02,2025-09-02,OUTLIER
4509,2026-09-09 09:47:10.154543,quantity,-3,,INVALID
4509,2026-09-09 09:47:10.156746,quantity,,27,CALCULATED
4522,2026-09-09 09:47:10.222854,date,2025-09-01,2025-09-01,OUTLIER
4538,2026-09-09 09:47:10.298823,date,2025-09-03,2025-09-03,OUTLIER
4548,2026-09-09 09:47:10.345769,date,2025-09-08,2025-09-08,OUTLIER
4553,2026-09-09 09:47:10.369508,date,2025-08-31,2025-08-31,OUTLIER
4555,2026-09-09 09:47:10.380294,date,2025-09-04,2025-09-04,OUTLIER
4557,2026-09-09 09:47:10.390829,distribution_id,,,UNKNOWN
4563,2026-09-09 09:47:10.419168,distribution_id,,,UNKNOWN
4565,2026-09-09 09:47:10.429884,date,2025-09-06,2025-09-06,OUTLIER
4570,2026-09-09 09:47:10.454179,product_id,P999,P999,INVALID
4583,2026-09-09 09:47:10.513994,date,2025-09-03,2025-09-03,OUTLIER
4593,2026-09-09 09:47:10.561349,date,2025-09-02,2025-09-02,OUTLIER
4611,2026-09-09 09:47:10.660240,date,2025-08-24,2025-08-24,OUTLIER
4626,2026-09-09 09:47:10.729672,total_price_rial,"26,676,000",26676000,TYPE_FIXED
4673,2026-09-09 09:47:10.943595,sale_id,4673,4673,DUPLICATE
4680,2026-09-09 09:47:10.971823,date,2025-08-26,2025-08-26,OUTLIER
4693,2026-09-09 09:47:11.031442,date,2025-09-02,2025-09-02,OUTLIER
4717,2026-09-09 09:47:11.143559,date,2025-08-26,2025-08-26,OUTLIER
4728,2026-09-09 09:47:11.194532,date,2025-09-02,2025-09-02,OUTLIER
4731,2026-09-09 09:47:11.209346,date,2025-08-28,2025-08-28,OUTLIER
4733,2026-09-09 09:47:11.219764,date,2025-09-08,2025-09-08,OUTLIER
4750,2026-09-09 09:47:11.298799,date,2025-09-06,2025-09-06,OUTLIER
4759,2026-09-09 09:47:11.341177,date,2025-08-26,2025-08-26,OUTLIER
4769,2026-09-09 09:47:11.391898,date,2025-09-08,2025-09-08,OUTLIER
4784,2026-09-09 09:47:11.460334,date,2025-08-26,2025-08-26,OUTLIER
4800,2026-09-09 09:47:11.532115,date,2025-09-03,2025-09-03,OUTLIER
4812,2026-09-09 09:47:11.592303,date,2025-08-26,2025-08-26,OUTLIER
4813,2026-09-09 09:47:11.601916,date,2025-09-03,2025-09-03,OUTLIER
4824,2026-09-09 09:47:11.680821,date,2025-08-27,2025-08-27,OUTLIER
4830,2026-09-09 09:47:11.711477,date,2025-09-05,2025-09-05,OUTLIER
4850,2026-09-09 09:47:11.808091,date,2025-09-03,2025-09-03,OUTLIER
4870,2026-09-09 09:47:11.904900,total_price_rial,"36,100,000",36100000,TYPE_FIXED
4883,2026-09-09 09:47:11.971774,date,2025-08-28,2025-08-28,OUTLIER
4895,2026-09-09 09:47:12.028704,unit_price_rial,,,MISSING
4895,2026-09-09 09:47:12.030516,unit_price_rial,,720000,CALCULATED
4932,2026-09-09 09:47:12.197622,date,2025-08-27,2025-08-27,OUTLIER
4964,2026-09-09 09:47:12.353048,date,2025-09-08,2025-09-08,OUTLIER
4968,2026-09-09 09:47:12.373186,date,2025/09/07,2025-09-07,TYPE_FIXED
4968,2026-09-09 09:47:12.375029,date,2025-09-07,2025-09-07,OUTLIER
4969,2026-09-09 09:47:12.381335,date,2025-08-25,2025-08-25,OUTLIER
4992,2026-09-09 09:47:12.488763,date,2026/07/16,2026-07-16,TYPE_FIXED
4997,2026-09-09 09:47:12.515659,date,2025-08-28,2025-08-28,OUTLIER
5003,2026-09-09 09:47:12.544979,distribution_id,,,UNKNOWN
5013,2026-09-09 09:47:12.592266,total_price_rial,91368000,91368000,INCONSISTENT
5036,2026-09-09 09:47:12.698617,unit_price_rial,,,MISSING
5036,2026-09-09 09:47:12.700312,unit_price_rial,,480000,CALCULATED
5043,2026-09-09 09:47:12.733337,date,2025-09-04,2025-09-04,OUTLIER
5046,2026-09-09 09:47:12.749051,date,2025-09-07,2025-09-07,OUTLIER
5076,2026-09-09 09:47:12.883739,date,2025-08-25,2025-08-25,OUTLIER
5077,2026-09-09 09:47:12.889981,date,2026/02/01,2026-02-01,TYPE_FIXED
5112,2026-09-09 09:47:13.068283,date,2025-08-30,2025-08-30,OUTLIER
5125,2026-09-09 09:47:13.128705,date,2025-08-31,2025-08-31,OUTLIER
5130,2026-09-09 09:47:13.152580,date,2025-09-05,2025-09-05,OUTLIER
5151,2026-09-09 09:47:13.249847,date,2025-08-26,2025-08-26,OUTLIER
5164,2026-09-09 09:47:13.312500,date,2025-09-02,2025-09-02,OUTLIER
5171,2026-09-09 09:47:13.347781,product_id,P999,P999,INVALID
5174,2026-09-09 09:47:13.363179,date,2025-09-01,2025-09-01,OUTLIER
5181,2026-09-09 09:47:13.397878,quantity,-4,,INVALID
5181,2026-09-09 09:47:13.400288,quantity,,101,CALCULATED
5184,2026-09-09 09:47:13.415464,date,2025-09-03,2025-09-03,OUTLIER
5203,2026-09-09 09:47:13.501250,date,2025-09-07,2025-09-07,OUTLIER
5220,2026-09-09 09:47:13.579087,date,2025-08-30,2025-08-30,OUTLIER
5230,2026-09-09 09:47:13.626869,date,2025-09-05,2025-09-05,OUTLIER
5258,2026-09-09 09:47:13.760077,sale_id,5258,5258,DUPLICATE
5274,2026-09-09 09:47:13.833727,date,2025-09-04,2025-09-04,OUTLIER
5297,2026-09-09 09:47:13.938344,date,2026/03/25,2026-03-25,TYPE_FIXED
5315,2026-09-09 09:47:14.020224,date,2025-09-07,2025-09-07,OUTLIER
5316,2026-09-09 09:47:14.026544,date,2025-08-29,2025-08-29,OUTLIER
5350,2026-09-09 09:47:14.181313,date,2025-08-28,2025-08-28,OUTLIER
5355,2026-09-09 09:47:14.205364,date,2025-08-28,2025-08-28,OUTLIER
5359,2026-09-09 09:47:14.224108,date,2026/02/13,2026-02-13,TYPE_FIXED
5382,2026-09-09 09:47:14.328905,date,2025-09-05,2025-09-05,OUTLIER
5389,2026-09-09 09:47:14.362908,date,2025-09-02,2025-09-02,OUTLIER
5398,2026-09-09 09:47:14.406740,total_price_rial,"10,223,800",10223800,TYPE_FIXED
5411,2026-09-09 09:47:14.465195,date,2025-08-28,2025-08-28,OUTLIER
5416,2026-09-09 09:47:14.489109,date,2025-08-26,2025-08-26,OUTLIER
5418,2026-09-09 09:47:14.500641,date,2025-08-27,2025-08-27,OUTLIER
5431,2026-09-09 09:47:14.561861,date,2025-09-08,2025-09-08,OUTLIER
5436,2026-09-09 09:47:14.585465,date,2025-08-24,2025-08-24,OUTLIER
5440,2026-09-09 09:47:14.605732,date,2026/02/17,2026-02-17,TYPE_FIXED
5447,2026-09-09 09:47:14.639360,date,2025/12/01,2025-12-01,TYPE_FIXED
5487,2026-09-09 09:47:14.827525,date,2025-09-08,2025-09-08,OUTLIER
5498,2026-09-09 09:47:14.879720,date,2025-09-07,2025-09-07,OUTLIER
5499,2026-09-09 09:47:14.887149,unit_price_rial,,,MISSING
5499,2026-09-09 09:47:14.889371,unit_price_rial,,2100000,CALCULATED
5512,2026-09-09 09:47:14.950516,date,2025-08-28,2025-08-28,OUTLIER
5534,2026-09-09 09:47:15.054882,date,2025-08-29,2025-08-29,OUTLIER
5554,2026-09-09 09:47:15.165266,date,2025-08-30,2025-08-30,OUTLIER
5588,2026-09-09 09:47:15.322668,date,2025-08-31,2025-08-31,OUTLIER
5594,2026-09-09 09:47:15.355175,date,2025-09-01,2025-09-01,OUTLIER
5600,2026-09-09 09:47:15.386780,date,2026/07/05,2026-07-05,TYPE_FIXED
5606,2026-09-09 09:47:15.418361,date,2025-09-03,2025-09-03,OUTLIER
5640,2026-09-09 09:47:15.572747,date,2025-08-24,2025-08-24,OUTLIER
5673,2026-09-09 09:47:15.724783,date,2025-09-06,2025-09-06,OUTLIER
5685,2026-09-09 09:47:15.781071,date,2025-08-26,2025-08-26,OUTLIER
5695,2026-09-09 09:47:15.828356,date,2025-08-29,2025-08-29,OUTLIER
5726,2026-09-09 09:47:15.969391,date,2025-09-08,2025-09-08,OUTLIER
5734,2026-09-09 09:47:16.006306,date,2025-09-03,2025-09-03,OUTLIER
5736,2026-09-09 09:47:16.018776,discount_percent,110,,INVALID
5736,2026-09-09 09:47:16.020715,discount_percent,,6,CALCULATED
5739,2026-09-09 09:47:16.034416,date,2025-09-05,2025-09-05,OUTLIER
5758,2026-09-09 09:47:16.123476,date,2025-09-02,2025-09-02,OUTLIER
5784,2026-09-09 09:47:16.244174,date,2025-08-29,2025-08-29,OUTLIER
5785,2026-09-09 09:47:16.255777,sale_id,5785,5785,DUPLICATE
5802,2026-09-09 09:47:16.335961,unit_price_rial,,,MISSING
5802,2026-09-09 09:47:16.337697,unit_price_rial,,520000,CALCULATED
5829,2026-09-09 09:47:16.465743,date,2026/06/12,2026-06-12,TYPE_FIXED
5847,2026-09-09 09:47:16.549074,date,2025-08-28,2025-08-28,OUTLIER
5868,2026-09-09 09:47:16.648645,unit_price_rial,,,MISSING
5868,2026-09-09 09:47:16.650463,unit_price_rial,,580000,CALCULATED
5876,2026-09-09 09:47:16.687874,date,2025-09-03,2025-09-03,OUTLIER
5901,2026-09-09 09:47:16.806224,total_price_rial,"6,240,000",6240000,TYPE_FIXED
5907,2026-09-09 09:47:16.836379,date,2025-09-03,2025-09-03,OUTLIER
5966,2026-09-09 09:47:17.108526,date,2025-09-08,2025-09-08,OUTLIER
5979,2026-09-09 09:47:17.169875,date,2025-08-25,2025-08-25,OUTLIER
5986,2026-09-09 09:47:17.204000,date,2025-08-24,2025-08-24,OUTLIER
6032,2026-09-09 09:47:17.434532,date,2025-08-24,2025-08-24,OUTLIER
6088,2026-09-09 09:47:17.698896,quantity,-2,,INVALID
6088,2026-09-09 09:47:17.700957,quantity,,23,CALCULATED
6123,2026-09-09 09:47:17.857982,date,2025-09-04,2025-09-04,OUTLIER
6131,2026-09-09 09:47:17.895475,date,2025-08-31,2025-08-31,OUTLIER
6143,2026-09-09 09:47:17.953518,date,2025-09-02,2025-09-02,OUTLIER
6177,2026-09-09 09:47:18.120303,sale_id,6177,6177,DUPLICATE
6183,2026-09-09 09:47:18.145572,distribution_id,,,UNKNOWN
6215,2026-09-09 09:47:18.291993,date,2025-09-08,2025-09-08,OUTLIER
6228,2026-09-09 09:47:18.353694,date,2025-09-07,2025-09-07,OUTLIER
6238,2026-09-09 09:47:18.400584,date,2025-08-26,2025-08-26,OUTLIER
6244,2026-09-09 09:47:18.432054,total_price_rial,"11,174,400",11174400,TYPE_FIXED
6258,2026-09-09 09:47:18.498831,date,2025-09-02,2025-09-02,OUTLIER
6276,2026-09-09 09:47:18.584673,distribution_id,,,UNKNOWN
6297,2026-09-09 09:47:18.683901,product_id,P999,P999,INVALID
6309,2026-09-09 09:47:18.740919,date,2025-09-07,2025-09-07,OUTLIER
6312,2026-09-09 09:47:18.758914,unit_price_rial,,,MISSING
6312,2026-09-09 09:47:18.760708,unit_price_rial,,580000,CALCULATED
6338,2026-09-09 09:47:18.883054,date,2025-09-07,2025-09-07,OUTLIER
6347,2026-09-09 09:47:18.926733,date,2025-09-06,2025-09-06,OUTLIER
6355,2026-09-09 09:47:18.966784,date,2025-09-08,2025-09-08,OUTLIER
6356,2026-09-09 09:47:18.973118,date,2026/02/02,2026-02-02,TYPE_FIXED
6370,2026-09-09 09:47:19.040516,date,2025-09-01,2025-09-01,OUTLIER
6409,2026-09-09 09:47:19.222485,date,2025-09-02,2025-09-02,OUTLIER
6429,2026-09-09 09:47:19.316744,date,2025-09-07,2025-09-07,OUTLIER
6484,2026-09-09 09:47:19.626264,date,2025-09-05,2025-09-05,OUTLIER
6487,2026-09-09 09:47:19.645139,date,2025-08-25,2025-08-25,OUTLIER
6493,2026-09-09 09:47:19.684205,date,2025-08-25,2025-08-25,OUTLIER
6511,2026-09-09 09:47:19.773393,date,2025-09-07,2025-09-07,OUTLIER
6537,2026-09-09 09:47:19.900506,sale_id,6537,6537,DUPLICATE
6541,2026-09-09 09:47:19.915773,date,2025-08-25,2025-08-25,OUTLIER
6557,2026-09-09 09:47:20.000024,total_price_rial,"29,779,200",29779200,TYPE_FIXED
6579,2026-09-09 09:47:20.107725,date,2025-09-01,2025-09-01,OUTLIER
6593,2026-09-09 09:47:20.177642,product_id,P999,P999,INVALID
6603,2026-09-09 09:47:20.229930,total_price_rial,31272800,31272800,INCONSISTENT
6616,2026-09-09 09:47:20.295542,date,2025-09-04,2025-09-04,OUTLIER
6642,2026-09-09 09:47:20.424133,date,2025-09-01,2025-09-01,OUTLIER
6656,2026-09-09 09:47:20.500418,sale_id,6656,6656,DUPLICATE
6665,2026-09-09 09:47:20.543442,product_id,P999,P999,INVALID
6700,2026-09-09 09:47:20.716223,date,2025-09-04,2025-09-04,OUTLIER
6702,2026-09-09 09:47:20.730819,date,2025-08-24,2025-08-24,OUTLIER
6705,2026-09-09 09:47:20.754133,total_price_rial,23385600,23385600,INCONSISTENT
6724,2026-09-09 09:47:20.847302,date,2025-08-29,2025-08-29,OUTLIER
6750,2026-09-09 09:47:20.973028,date,2025-09-02,2025-09-02,OUTLIER
6767,2026-09-09 09:47:21.056305,date,2025-09-05,2025-09-05,OUTLIER
6788,2026-09-09 09:47:21.165340,date,2025-09-07,2025-09-07,OUTLIER
6806,2026-09-09 09:47:21.250595,date,2025-08-24,2025-08-24,OUTLIER
6860,2026-09-09 09:47:21.516560,date,2025-08-29,2025-08-29,OUTLIER
6889,2026-09-09 09:47:21.661010,distribution_id,,,UNKNOWN
6893,2026-09-09 09:47:21.681316,date,2025-09-03,2025-09-03,OUTLIER
6895,2026-09-09 09:47:21.693652,distribution_id,,,UNKNOWN
6897,2026-09-09 09:47:21.703554,date,2026/07/18,2026-07-18,TYPE_FIXED
6909,2026-09-09 09:47:21.763506,date,2025-09-08,2025-09-08,OUTLIER
6930,2026-09-09 09:47:21.868133,date,2026/08/22,2026-08-22,TYPE_FIXED
6936,2026-09-09 09:47:21.898163,date,2025-08-27,2025-08-27,OUTLIER
6950,2026-09-09 09:47:21.988984,date,2025-08-29,2025-08-29,OUTLIER
6975,2026-09-09 09:47:22.110539,date,2025-08-26,2025-08-26,OUTLIER
6986,2026-09-09 09:47:22.163520,product_id,P999,P999,INVALID
7001,2026-09-09 09:47:22.239246,date,2025-08-30,2025-08-30,OUTLIER
7006,2026-09-09 09:47:22.267601,date,2025-08-30,2025-08-30,OUTLIER
7033,2026-09-09 09:47:22.406619,date,2025-09-02,2025-09-02,OUTLIER
7068,2026-09-09 09:47:22.585773,date,2025-09-04,2025-09-04,OUTLIER
7072,2026-09-09 09:47:22.606491,distribution_id,,,UNKNOWN
7077,2026-09-09 09:47:22.630324,date,2025-08-27,2025-08-27,OUTLIER
7090,2026-09-09 09:47:22.695721,date,2025-08-29,2025-08-29,OUTLIER
7094,2026-09-09 09:47:22.716740,date,2025-08-27,2025-08-27,OUTLIER
7110,2026-09-09 09:47:22.794031,distribution_id,,,UNKNOWN
7121,2026-09-09 09:47:22.854156,date,2025-09-04,2025-09-04,OUTLIER
7123,2026-09-09 09:47:22.866176,date,2025-09-02,2025-09-02,OUTLIER
7130,2026-09-09 09:47:22.904320,date,2025-08-28,2025-08-28,OUTLIER
7144,2026-09-09 09:47:22.977210,date,2026/04/15,2026-04-15,TYPE_FIXED
7161,2026-09-09 09:47:23.064334,date,2025-09-08,2025-09-08,OUTLIER
7162,2026-09-09 09:47:23.070867,date,2025-09-04,2025-09-04,OUTLIER
7166,2026-09-09 09:47:23.093485,quantity,-9,,INVALID
7166,2026-09-09 09:47:23.095625,quantity,,127,CALCULATED
7172,2026-09-09 09:47:23.126910,date,2025-09-02,2025-09-02,OUTLIER
7174,2026-09-09 09:47:23.138154,date,2025-08-29,2025-08-29,OUTLIER
7198,2026-09-09 09:47:23.256648,date,2025-08-28,2025-08-28,OUTLIER
7208,2026-09-09 09:47:23.308599,date,2025-09-08,2025-09-08,OUTLIER
7229,2026-09-09 09:47:23.414972,date,2025-08-24,2025-08-24,OUTLIER
7257,2026-09-09 09:47:23.555716,date,2025-09-02,2025-09-02,OUTLIER
7293,2026-09-09 09:47:23.732809,date,2025-08-29,2025-08-29,OUTLIER
7296,2026-09-09 09:47:23.748531,date,2025-08-26,2025-08-26,OUTLIER
7323,2026-09-09 09:47:23.880033,distribution_id,,,UNKNOWN
7345,2026-09-09 09:47:23.984538,date,2025-08-25,2025-08-25,OUTLIER
7348,2026-09-09 09:47:24.000395,date,2025-09-06,2025-09-06,OUTLIER
7370,2026-09-09 09:47:24.105230,date,2026/04/26,2026-04-26,TYPE_FIXED
7389,2026-09-09 09:47:24.213935,date,2025-09-06,2025-09-06,OUTLIER
7402,2026-09-09 09:47:24.291014,date,2025-08-29,2025-08-29,OUTLIER
7449,2026-09-09 09:47:24.513765,date,2025-08-24,2025-08-24,OUTLIER
7452,2026-09-09 09:47:24.531103,distribution_id,,,UNKNOWN
7466,2026-09-09 09:47:24.598974,date,2025-09-02,2025-09-02,OUTLIER
7470,2026-09-09 09:47:24.621510,total_price_rial,"13,618,800",13618800,TYPE_FIXED
7473,2026-09-09 09:47:24.636234,date,2025-09-04,2025-09-04,OUTLIER
7476,2026-09-09 09:47:24.653154,product_id,P999,P999,INVALID
7479,2026-09-09 09:47:24.671255,date,2025-08-26,2025-08-26,OUTLIER
7482,2026-09-09 09:47:24.692432,quantity,-6,,INVALID
7482,2026-09-09 09:47:24.694104,quantity,,83,CALCULATED
7485,2026-09-09 09:47:24.709753,product_id,P999,P999,INVALID
7486,2026-09-09 09:47:24.716141,date,2025-09-07,2025-09-07,OUTLIER
7513,2026-09-09 09:47:24.847424,date,2025-08-30,2025-08-30,OUTLIER
7516,2026-09-09 09:47:24.863681,date,2025-09-03,2025-09-03,OUTLIER
7576,2026-09-09 09:47:25.158250,quantity,-1,,INVALID
7576,2026-09-09 09:47:25.159861,quantity,,6,CALCULATED
7586,2026-09-09 09:47:25.208732,date,2025-09-01,2025-09-01,OUTLIER
7588,2026-09-09 09:47:25.221645,quantity,-1,,INVALID
7588,2026-09-09 09:47:25.223297,quantity,,20,CALCULATED
7605,2026-09-09 09:47:25.305928,date,2025-08-24,2025-08-24,OUTLIER
7608,2026-09-09 09:47:25.321684,date,2025-08-31,2025-08-31,OUTLIER
7622,2026-09-09 09:47:25.390558,date,2025-08-28,2025-08-28,OUTLIER
7654,2026-09-09 09:47:25.554368,date,2025-08-26,2025-08-26,OUTLIER
7656,2026-09-09 09:47:25.564538,date,2025/10/29,2025-10-29,TYPE_FIXED
7663,2026-09-09 09:47:25.599908,date,2025-09-02,2025-09-02,OUTLIER
7668,2026-09-09 09:47:25.625577,date,2025-08-28,2025-08-28,OUTLIER
7688,2026-09-09 09:47:25.760773,date,2025-09-08,2025-09-08,OUTLIER
7691,2026-09-09 09:47:25.787011,sale_id,7691,7691,DUPLICATE
7729,2026-09-09 09:47:25.982496,date,2025-09-06,2025-09-06,OUTLIER
7739,2026-09-09 09:47:26.033172,date,2025-09-03,2025-09-03,OUTLIER
7764,2026-09-09 09:47:26.158762,date,2025/12/15,2025-12-15,TYPE_FIXED
7765,2026-09-09 09:47:26.165889,date,2025-09-02,2025-09-02,OUTLIER
7775,2026-09-09 09:47:26.216172,date,2025-09-01,2025-09-01,OUTLIER
7777,2026-09-09 09:47:26.227604,date,2025-08-26,2025-08-26,OUTLIER
7837,2026-09-09 09:47:26.538829,date,2025-08-27,2025-08-27,OUTLIER
7907,2026-09-09 09:47:26.886064,date,2025-08-30,2025-08-30,OUTLIER
7937,2026-09-09 09:47:27.033322,discount_percent,110,,INVALID
7937,2026-09-09 09:47:27.035657,discount_percent,,0,CALCULATED
7939,2026-09-09 09:47:27.045935,date,2026/05/03,2026-05-03,TYPE_FIXED
7946,2026-09-09 09:47:27.080647,date,2025-09-08,2025-09-08,OUTLIER
7961,2026-09-09 09:47:27.156866,date,2025-08-26,2025-08-26,OUTLIER
7972,2026-09-09 09:47:27.219157,unit_price_rial,,,MISSING
7972,2026-09-09 09:47:27.220896,unit_price_rial,,850000,CALCULATED
8028,2026-09-09 09:47:27.497398,date,2025-08-27,2025-08-27,OUTLIER
8077,2026-09-09 09:47:27.745871,date,2025-08-27,2025-08-27,OUTLIER
8080,2026-09-09 09:47:27.762511,date,2025-09-08,2025-09-08,OUTLIER
8120,2026-09-09 09:47:27.960610,date,2025-08-26,2025-08-26,OUTLIER
8148,2026-09-09 09:47:28.104157,sale_id,8148,8148,DUPLICATE
8164,2026-09-09 09:47:28.178326,date,2025-08-29,2025-08-29,OUTLIER
8164,2026-09-09 09:47:28.180377,distribution_id,,,UNKNOWN
8168,2026-09-09 09:47:28.201062,date,2025-08-28,2025-08-28,OUTLIER
8181,2026-09-09 09:47:28.271522,sale_id,8181,8181,DUPLICATE
8213,2026-09-09 09:47:28.424426,date,2025-08-24,2025-08-24,OUTLIER
8225,2026-09-09 09:47:28.488201,total_price_rial,6984000,6984000,INCONSISTENT
8226,2026-09-09 09:47:28.494294,date,2025-08-24,2025-08-24,OUTLIER
8234,2026-09-09 09:47:28.537304,total_price_rial,72455200,72455200,INCONSISTENT
8236,2026-09-09 09:47:28.554387,date,2025-09-05,2025-09-05,OUTLIER
8282,2026-09-09 09:47:28.804967,product_id,P999,P999,INVALID
8284,2026-09-09 09:47:28.816107,date,2025-08-27,2025-08-27,OUTLIER
8292,2026-09-09 09:47:28.858935,product_id,P999,P999,INVALID
8296,2026-09-09 09:47:28.879572,date,2025-08-31,2025-08-31,OUTLIER
8299,2026-09-09 09:47:28.896084,date,2025-09-03,2025-09-03,OUTLIER
8300,2026-09-09 09:47:28.903415,date,2025-08-30,2025-08-30,OUTLIER
8310,2026-09-09 09:47:28.954653,date,2025-09-04,2025-09-04,OUTLIER
8323,2026-09-09 09:47:29.021911,distribution_id,,,UNKNOWN
8341,2026-09-09 09:47:29.114711,date,2026/01/16,2026-01-16,TYPE_FIXED
8376,2026-09-09 09:47:29.288895,date,2025-09-06,2025-09-06,OUTLIER
8394,2026-09-09 09:47:29.382937,discount_percent,110,,INVALID
8394,2026-09-09 09:47:29.384623,discount_percent,,3,CALCULATED
8399,2026-09-09 09:47:29.411312,date,2026/04/24,2026-04-24,TYPE_FIXED
8451,2026-09-09 09:47:29.677955,sale_id,8451,8451,DUPLICATE
8473,2026-09-09 09:47:29.782417,date,2025-08-27,2025-08-27,OUTLIER
8475,2026-09-09 09:47:29.794487,date,2025-09-07,2025-09-07,OUTLIER
8548,2026-09-09 09:47:30.157770,date,2025-09-01,2025-09-01,OUTLIER
8551,2026-09-09 09:47:30.175118,distribution_id,,,UNKNOWN
8551,2026-09-09 09:47:30.180972,sale_id,8551,8551,DUPLICATE
8551,2026-09-09 09:47:30.183156,distribution_id,,,UNKNOWN
8554,2026-09-09 09:47:30.193162,date,2025-08-25,2025-08-25,OUTLIER
8585,2026-09-09 09:47:30.357525,quantity,-4,,INVALID
8585,2026-09-09 09:47:30.359131,quantity,,24,CALCULATED
8612,2026-09-09 09:47:30.494122,date,2025-08-25,2025-08-25,OUTLIER
8615,2026-09-09 09:47:30.516223,sale_id,8615,8615,DUPLICATE
8621,2026-09-09 09:47:30.542177,date,2025-09-01,2025-09-01,OUTLIER
8621,2026-09-09 09:47:30.545499,total_price_rial,41724000,41724000,INCONSISTENT
8627,2026-09-09 09:47:30.576043,date,2025-08-25,2025-08-25,OUTLIER
8634,2026-09-09 09:47:30.613144,date,2025-09-03,2025-09-03,OUTLIER
8691,2026-09-09 09:47:30.916746,date,2025-08-30,2025-08-30,OUTLIER
8697,2026-09-09 09:47:30.949147,date,2025-08-28,2025-08-28,OUTLIER
8708,2026-09-09 09:47:31.007284,product_id,P999,P999,INVALID
8728,2026-09-09 09:47:31.109472,date,2025-09-02,2025-09-02,OUTLIER
8735,2026-09-09 09:47:31.146343,date,2025-08-31,2025-08-31,OUTLIER
8743,2026-09-09 09:47:31.189392,quantity,-1,,INVALID
8743,2026-09-09 09:47:31.191224,quantity,,138,CALCULATED
8748,2026-09-09 09:47:31.216905,date,2025-08-28,2025-08-28,OUTLIER
8776,2026-09-09 09:47:31.359742,date,2025-08-29,2025-08-29,OUTLIER
8792,2026-09-09 09:47:31.443945,date,2025-08-28,2025-08-28,OUTLIER
8803,2026-09-09 09:47:31.501378,distribution_id,,,UNKNOWN
8807,2026-09-09 09:47:31.524563,date,2025-09-04,2025-09-04,OUTLIER
8813,2026-09-09 09:47:31.556470,date,2025-09-02,2025-09-02,OUTLIER
8827,2026-09-09 09:47:31.628880,date,2025-08-25,2025-08-25,OUTLIER
8862,2026-09-09 09:47:31.834646,date,2025-09-08,2025-09-08,OUTLIER
8862,2026-09-09 09:47:31.839621,total_price_rial,"60,900,000",60900000,TYPE_FIXED
8927,2026-09-09 09:47:32.194856,date,2025-08-24,2025-08-24,OUTLIER
8942,2026-09-09 09:47:32.272137,date,2025-09-01,2025-09-01,OUTLIER
8951,2026-09-09 09:47:32.319591,date,2025-09-01,2025-09-01,OUTLIER
8954,2026-09-09 09:47:32.336407,date,2025-08-24,2025-08-24,OUTLIER
8975,2026-09-09 09:47:32.443234,date,2025-08-28,2025-08-28,OUTLIER
9013,2026-09-09 09:47:32.635646,date,2025-08-28,2025-08-28,OUTLIER
9028,2026-09-09 09:47:32.713330,date,2025-09-08,2025-09-08,OUTLIER
9057,2026-09-09 09:47:32.874187,date,2025-08-24,2025-08-24,OUTLIER
9060,2026-09-09 09:47:32.903708,unit_price_rial,,,MISSING
9060,2026-09-09 09:47:32.906513,unit_price_rial,,620000,CALCULATED
9070,2026-09-09 09:47:32.966569,date,2025-08-28,2025-08-28,OUTLIER
9119,2026-09-09 09:47:33.243363,date,2025-08-25,2025-08-25,OUTLIER
9141,2026-09-09 09:47:33.364802,date,2025-08-30,2025-08-30,OUTLIER
9151,2026-09-09 09:47:33.418991,date,2025-09-01,2025-09-01,OUTLIER
9160,2026-09-09 09:47:33.463949,date,2025-08-27,2025-08-27,OUTLIER
9208,2026-09-09 09:47:33.715958,date,2025-08-30,2025-08-30,OUTLIER
9232,2026-09-09 09:47:33.853452,date,2025-08-29,2025-08-29,OUTLIER
9243,2026-09-09 09:47:33.921373,date,2025-08-27,2025-08-27,OUTLIER
9256,2026-09-09 09:47:33.998485,date,2025-09-08,2025-09-08,OUTLIER
9257,2026-09-09 09:47:34.006873,date,2025-08-29,2025-08-29,OUTLIER
9290,2026-09-09 09:47:34.190641,date,2025-09-02,2025-09-02,OUTLIER
9303,2026-09-09 09:47:34.256923,date,2025-09-08,2025-09-08,OUTLIER
9305,2026-09-09 09:47:34.268964,date,2025-09-04,2025-09-04,OUTLIER
9312,2026-09-09 09:47:34.306900,unit_price_rial,,,MISSING
9312,2026-09-09 09:47:34.308905,unit_price_rial,,820000,CALCULATED
9313,2026-09-09 09:47:34.314910,distribution_id,,,UNKNOWN
9315,2026-09-09 09:47:34.327888,date,2025-09-02,2025-09-02,OUTLIER
9317,2026-09-09 09:47:34.340474,date,2025-08-30,2025-08-30,OUTLIER
9324,2026-09-09 09:47:34.381030,date,2026/02/04,2026-02-04,TYPE_FIXED
9352,2026-09-09 09:47:34.546884,date,2025-09-03,2025-09-03,OUTLIER
9356,2026-09-09 09:47:34.573209,date,2025-09-04,2025-09-04,OUTLIER
9407,2026-09-09 09:47:34.863958,product_id,P999,P999,INVALID
9419,2026-09-09 09:47:34.934961,date,2025-09-08,2025-09-08,OUTLIER
9429,2026-09-09 09:47:34.997524,quantity,-2,,INVALID
9429,2026-09-09 09:47:34.999355,quantity,,9,CALCULATED
9430,2026-09-09 09:47:35.013749,sale_id,9430,9430,DUPLICATE
9442,2026-09-09 09:47:35.098851,date,2025-09-03,2025-09-03,OUTLIER
9478,2026-09-09 09:47:35.334923,date,2025-08-28,2025-08-28,OUTLIER
9479,2026-09-09 09:47:35.345234,discount_percent,110,,INVALID
9479,2026-09-09 09:47:35.347631,discount_percent,,4,CALCULATED
9486,2026-09-09 09:47:35.389161,discount_percent,110,,INVALID
9486,2026-09-09 09:47:35.391234,discount_percent,,6,CALCULATED
9496,2026-09-09 09:47:35.447560,date,2025/09/15,2025-09-15,TYPE_FIXED
9501,2026-09-09 09:47:35.478819,date,2025-09-05,2025-09-05,OUTLIER
9504,2026-09-09 09:47:35.497802,date,2025-08-30,2025-08-30,OUTLIER
9508,2026-09-09 09:47:35.525605,sale_id,9508,9508,DUPLICATE
9515,2026-09-09 09:47:35.557925,date,2025-08-24,2025-08-24,OUTLIER
9531,2026-09-09 09:47:35.643886,date,2025-09-03,2025-09-03,OUTLIER
9532,2026-09-09 09:47:35.654051,unit_price_rial,,,MISSING
9532,2026-09-09 09:47:35.657467,unit_price_rial,,1250000,CALCULATED
9544,2026-09-09 09:47:35.728668,distribution_id,,,UNKNOWN
9553,2026-09-09 09:47:35.790116,total_price_rial,"100,602,000",100602000,TYPE_FIXED
9557,2026-09-09 09:47:35.814954,date,2025-09-08,2025-09-08,OUTLIER
9580,2026-09-09 09:47:35.957831,date,2025-08-26,2025-08-26,OUTLIER
9584,2026-09-09 09:47:35.984152,date,2025-08-28,2025-08-28,OUTLIER
9588,2026-09-09 09:47:36.009957,date,2025-08-30,2025-08-30,OUTLIER
9595,2026-09-09 09:47:36.056282,unit_price_rial,,,MISSING
9595,2026-09-09 09:47:36.058452,unit_price_rial,,820000,CALCULATED
9607,2026-09-09 09:47:36.130250,date,2025-08-25,2025-08-25,OUTLIER
9632,2026-09-09 09:47:36.266526,date,2025-09-05,2025-09-05,OUTLIER
9668,2026-09-09 09:47:36.482849,date,2025-09-08,2025-09-08,OUTLIER
9669,2026-09-09 09:47:36.490547,date,2025-08-28,2025-08-28,OUTLIER
9694,2026-09-09 09:47:36.631898,date,2025-09-04,2025-09-04,OUTLIER
9754,2026-09-09 09:47:36.970974,date,2025-08-27,2025-08-27,OUTLIER
9817,2026-09-09 09:47:37.327898,date,2025-09-03,2025-09-03,OUTLIER
9828,2026-09-09 09:47:37.393398,date,2025-09-02,2025-09-02,OUTLIER
9836,2026-09-09 09:47:37.441654,date,2025/10/24,2025-10-24,TYPE_FIXED
9842,2026-09-09 09:47:37.477356,date,2025-08-28,2025-08-28,OUTLIER
9851,2026-09-09 09:47:37.532181,date,2025-08-27,2025-08-27,OUTLIER
9856,2026-09-09 09:47:37.574175,date,2025-08-25,2025-08-25,OUTLIER
9862,2026-09-09 09:47:37.615606,date,2025-09-05,2025-09-05,OUTLIER
9864,2026-09-09 09:47:37.629790,date,2025-08-26,2025-08-26,OUTLIER
9871,2026-09-09 09:47:37.672106,date,2025-08-26,2025-08-26,OUTLIER
9893,2026-09-09 09:47:37.803424,date,2025-09-07,2025-09-07,OUTLIER
9894,2026-09-09 09:47:37.819366,sale_id,9894,9894,DUPLICATE
9900,2026-09-09 09:47:37.851409,date,2025-08-26,2025-08-26,OUTLIER
9912,2026-09-09 09:47:37.918627,date,2025/10/31,2025-10-31,TYPE_FIXED
9915,2026-09-09 09:47:37.936272,date,2025-09-04,2025-09-04,OUTLIER
9926,2026-09-09 09:47:38.000579,sale_id,9926,9926,DUPLICATE
9944,2026-09-09 09:47:38.091874,product_id,P999,P999,INVALID
9953,2026-09-09 09:47:38.144684,sale_id,9953,9953,DUPLICATE
9971,2026-09-09 09:47:38.234620,date,2026/01/31,2026-01-31,TYPE_FIXED
9997,2026-09-09 09:47:38.373823,sale_id,9997,9997,DUPLICATE
10017,2026-09-09 09:47:38.484791,quantity,-4,,INVALID
10017,2026-09-09 09:47:38.486752,quantity,,101,CALCULATED
10033,2026-09-09 09:47:38.576770,date,2025-09-04,2025-09-04,OUTLIER
10034,2026-09-09 09:47:38.584783,date,2025-09-01,2025-09-01,OUTLIER
10075,2026-09-09 09:47:38.816098,date,2025-08-25,2025-08-25,OUTLIER
10104,2026-09-09 09:47:38.974886,date,2025-09-08,2025-09-08,OUTLIER
10109,2026-09-09 09:47:39.007017,unit_price_rial,,,MISSING
10109,2026-09-09 09:47:39.009438,unit_price_rial,,650000,CALCULATED
10124,2026-09-09 09:47:39.096069,date,2025-08-30,2025-08-30,OUTLIER
10126,2026-09-09 09:47:39.112436,date,2025-08-26,2025-08-26,OUTLIER
10129,2026-09-09 09:47:39.140115,sale_id,10129,10129,DUPLICATE
10145,2026-09-09 09:47:39.231423,product_id,P999,P999,INVALID
10155,2026-09-09 09:47:39.300204,sale_id,10155,10155,DUPLICATE
10256,2026-09-09 09:47:39.845339,date,2025-09-06,2025-09-06,OUTLIER
10257,2026-09-09 09:47:39.852442,date,2026/07/19,2026-07-19,TYPE_FIXED
10312,2026-09-09 09:47:40.167017,date,2025-09-08,2025-09-08,OUTLIER
10351,2026-09-09 09:47:40.372712,date,2025-08-30,2025-08-30,OUTLIER
10359,2026-09-09 09:47:40.417475,date,2025-08-29,2025-08-29,OUTLIER
10362,2026-09-09 09:47:40.434772,date,2025/11/28,2025-11-28,TYPE_FIXED
10422,2026-09-09 09:47:40.746004,date,2025-08-31,2025-08-31,OUTLIER
10436,2026-09-09 09:47:40.821082,date,2025-09-07,2025-09-07,OUTLIER
10447,2026-09-09 09:47:40.888362,sale_id,10447,10447,DUPLICATE
10456,2026-09-09 09:47:40.932374,distribution_id,,,UNKNOWN
10458,2026-09-09 09:47:40.944241,date,2026/06/02,2026-06-02,TYPE_FIXED
10469,2026-09-09 09:47:41.006657,date,2025-08-27,2025-08-27,OUTLIER
10485,2026-09-09 09:47:41.089822,date,2026/03/02,2026-03-02,TYPE_FIXED
10498,2026-09-09 09:47:41.159267,distribution_id,,,UNKNOWN
10506,2026-09-09 09:47:41.199924,date,2025-08-26,2025-08-26,OUTLIER
10511,2026-09-09 09:47:41.228558,date,2025-09-06,2025-09-06,OUTLIER
10531,2026-09-09 09:47:41.335207,distribution_id,,,UNKNOWN
10567,2026-09-09 09:47:41.527903,date,2025-09-06,2025-09-06,OUTLIER
10569,2026-09-09 09:47:41.541991,total_price_rial,59688500,59688500,INCONSISTENT
10606,2026-09-09 09:47:41.741962,date,2025-09-06,2025-09-06,OUTLIER
10617,2026-09-09 09:47:41.809362,date,2025/10/10,2025-10-10,TYPE_FIXED
10634,2026-09-09 09:47:41.907511,date,2026/07/17,2026-07-17,TYPE_FIXED
10638,2026-09-09 09:47:41.932154,date,2025-08-25,2025-08-25,OUTLIER
10644,2026-09-09 09:47:41.969441,date,2025-09-02,2025-09-02,OUTLIER
10655,2026-09-09 09:47:42.034912,sale_id,10655,10655,DUPLICATE
10662,2026-09-09 09:47:42.080295,distribution_id,,,UNKNOWN
10663,2026-09-09 09:47:42.087764,date,2025-08-30,2025-08-30,OUTLIER
10669,2026-09-09 09:47:42.124156,date,2025-08-27,2025-08-27,OUTLIER
10682,2026-09-09 09:47:42.193618,date,2025-09-06,2025-09-06,OUTLIER
10732,2026-09-09 09:47:42.455877,date,2025-09-07,2025-09-07,OUTLIER
10751,2026-09-09 09:47:42.562267,date,2026/05/13,2026-05-13,TYPE_FIXED
10766,2026-09-09 09:47:42.645676,date,2025-09-08,2025-09-08,OUTLIER
10771,2026-09-09 09:47:42.673825,date,2025-09-02,2025-09-02,OUTLIER
10778,2026-09-09 09:47:42.711282,date,2025-08-28,2025-08-28,OUTLIER
10780,2026-09-09 09:47:42.723789,date,2025-08-25,2025-08-25,OUTLIER
10804,2026-09-09 09:47:42.855203,sale_id,10804,10804,DUPLICATE
10827,2026-09-09 09:47:42.972908,discount_percent,110,,INVALID
10827,2026-09-09 09:47:42.975352,discount_percent,,7,CALCULATED
10854,2026-09-09 09:47:43.122202,sale_id,10854,10854,DUPLICATE
10870,2026-09-09 09:47:43.202076,product_id,P999,P999,INVALID
10874,2026-09-09 09:47:43.226090,total_price_rial,"123,025,000",123025000,TYPE_FIXED
10878,2026-09-09 09:47:43.248718,distribution_id,,,UNKNOWN
10889,2026-09-09 09:47:43.306713,date,2025-09-04,2025-09-04,OUTLIER
10912,2026-09-09 09:47:43.425697,date,2025-08-29,2025-08-29,OUTLIER
10936,2026-09-09 09:47:43.559952,sale_id,10936,10936,DUPLICATE
10981,2026-09-09 09:47:43.808382,date,2025-08-31,2025-08-31,OUTLIER
10987,2026-09-09 09:47:43.849588,date,2025-08-26,2025-08-26,OUTLIER
10989,2026-09-09 09:47:43.863904,date,2025-09-03,2025-09-03,OUTLIER
11019,2026-09-09 09:47:44.046613,quantity,-2,,INVALID
11019,2026-09-09 09:47:44.048540,quantity,,46,CALCULATED
11044,2026-09-09 09:47:44.177703,product_id,P999,P999,INVALID
11060,2026-09-09 09:47:44.277788,date,2026/05/23,2026-05-23,TYPE_FIXED
11075,2026-09-09 09:47:44.357646,date,2025-08-25,2025-08-25,OUTLIER
11083,2026-09-09 09:47:44.406578,date,2025-09-07,2025-09-07,OUTLIER
11085,2026-09-09 09:47:44.419898,product_id,P999,P999,INVALID
11093,2026-09-09 09:47:44.475568,date,2025-09-01,2025-09-01,OUTLIER
11121,2026-09-09 09:47:44.648212,date,2025-09-05,2025-09-05,OUTLIER
11138,2026-09-09 09:47:44.752551,date,2025-08-30,2025-08-30,OUTLIER
11163,2026-09-09 09:47:44.899010,date,2025-09-06,2025-09-06,OUTLIER
11171,2026-09-09 09:47:44.944093,date,2025-09-06,2025-09-06,OUTLIER
11178,2026-09-09 09:47:44.983664,date,2025-08-26,2025-08-26,OUTLIER
11189,2026-09-09 09:47:45.056107,date,2025-08-24,2025-08-24,OUTLIER
11193,2026-09-09 09:47:45.079406,date,2025-08-25,2025-08-25,OUTLIER
11231,2026-09-09 09:47:45.284904,date,2025-09-06,2025-09-06,OUTLIER
11298,2026-09-09 09:47:45.655419,date,2025-08-26,2025-08-26,OUTLIER
11311,2026-09-09 09:47:45.730099,product_id,P999,P999,INVALID
11329,2026-09-09 09:47:45.830538,date,2025-08-28,2025-08-28,OUTLIER
11354,2026-09-09 09:47:45.969169,date,2025-08-25,2025-08-25,OUTLIER
11363,2026-09-09 09:47:46.025542,distribution_id,,,UNKNOWN
11364,2026-09-09 09:47:46.032130,date,2025-08-29,2025-08-29,OUTLIER
11383,2026-09-09 09:47:46.142584,distribution_id,,,UNKNOWN
11405,2026-09-09 09:47:46.290899,total_price_rial,"34,884,000",34884000,TYPE_FIXED
11408,2026-09-09 09:47:46.308810,date,2026/03/21,2026-03-21,TYPE_FIXED
11411,2026-09-09 09:47:46.327858,date,2025-09-06,2025-09-06,OUTLIER
11413,2026-09-09 09:47:46.342712,date,2026/04/14,2026-04-14,TYPE_FIXED
11434,2026-09-09 09:47:46.468387,date,2025-08-26,2025-08-26,OUTLIER
11445,2026-09-09 09:47:46.532517,date,2025-08-26,2025-08-26,OUTLIER
11470,2026-09-09 09:47:46.684136,total_price_rial,34580000,34580000,INCONSISTENT
11473,2026-09-09 09:47:46.700605,date,2026/08/23,2026-08-23,TYPE_FIXED
11490,2026-09-09 09:47:46.795651,date,2025-09-08,2025-09-08,OUTLIER
11497,2026-09-09 09:47:46.834002,date,2025-08-31,2025-08-31,OUTLIER
11550,2026-09-09 09:47:47.123196,unit_price_rial,,,MISSING
11550,2026-09-09 09:47:47.125035,unit_price_rial,,480000,CALCULATED
11560,2026-09-09 09:47:47.179206,date,2025-08-25,2025-08-25,OUTLIER
11563,2026-09-09 09:47:47.196349,date,2025-08-31,2025-08-31,OUTLIER
11579,2026-09-09 09:47:47.283270,unit_price_rial,,,MISSING
11579,2026-09-09 09:47:47.285359,unit_price_rial,,720000,CALCULATED
11588,2026-09-09 09:47:47.336416,date,2025/12/09,2025-12-09,TYPE_FIXED
11600,2026-09-09 09:47:47.404389,date,2025-09-01,2025-09-01,OUTLIER
11633,2026-09-09 09:47:47.582472,date,2025-08-26,2025-08-26,OUTLIER
11639,2026-09-09 09:47:47.616969,date,2025-08-28,2025-08-28,OUTLIER
11654,2026-09-09 09:47:47.701166,date,2025/09/14,2025-09-14,TYPE_FIXED
11669,2026-09-09 09:47:47.782633,unit_price_rial,,,MISSING
11669,2026-09-09 09:47:47.785106,unit_price_rial,,580000,CALCULATED
11690,2026-09-09 09:47:47.896111,total_price_rial,"134,757,000",134757000,TYPE_FIXED
11692,2026-09-09 09:47:47.908448,unit_price_rial,,,MISSING
11692,2026-09-09 09:47:47.910610,unit_price_rial,,850000,CALCULATED
11702,2026-09-09 09:47:47.963351,date,2025-08-28,2025-08-28,OUTLIER
11708,2026-09-09 09:47:47.996196,date,2025-09-04,2025-09-04,OUTLIER
11716,2026-09-09 09:47:48.039440,date,2025-09-08,2025-09-08,OUTLIER
11725,2026-09-09 09:47:48.088799,distribution_id,,,UNKNOWN
11727,2026-09-09 09:47:48.099856,date,2025-08-29,2025-08-29,OUTLIER
11732,2026-09-09 09:47:48.134231,sale_id,11732,11732,DUPLICATE
11734,2026-09-09 09:47:48.141633,date,2025/12/31,2025-12-31,TYPE_FIXED
11757,2026-09-09 09:47:48.263843,date,2025-09-03,2025-09-03,OUTLIER
11783,2026-09-09 09:47:48.406539,date,2025-08-30,2025-08-30,OUTLIER
11796,2026-09-09 09:47:48.477244,date,2025-09-04,2025-09-04,OUTLIER
11806,2026-09-09 09:47:48.531586,date,2025-09-08,2025-09-08,OUTLIER
11809,2026-09-09 09:47:48.550277,distribution_id,,,UNKNOWN
11849,2026-09-09 09:47:48.784838,date,2025-08-30,2025-08-30,OUTLIER
11933,2026-09-09 09:47:49.238786,date,2025-08-30,2025-08-30,OUTLIER
11933,2026-09-09 09:47:49.241485,unit_price_rial,,,MISSING
11933,2026-09-09 09:47:49.243613,unit_price_rial,,480000,CALCULATED
11959,2026-09-09 09:47:49.381322,date,2025-09-04,2025-09-04,OUTLIER
11975,2026-09-09 09:47:49.465735,date,2025-09-08,2025-09-08,OUTLIER
11978,2026-09-09 09:47:49.483720,date,2025-09-05,2025-09-05,OUTLIER
11982,2026-09-09 09:47:49.507696,date,2025-08-27,2025-08-27,OUTLIER
12004,2026-09-09 09:47:49.628013,unit_price_rial,,,MISSING
12004,2026-09-09 09:47:49.629780,unit_price_rial,,1050000,CALCULATED
12022,2026-09-09 09:47:49.729792,date,2025-09-03,2025-09-03,OUTLIER
12029,2026-09-09 09:47:49.769201,date,2025-08-28,2025-08-28,OUTLIER
12032,2026-09-09 09:47:49.787765,date,2026/01/17,2026-01-17,TYPE_FIXED
12037,2026-09-09 09:47:49.815064,date,2025-09-03,2025-09-03,OUTLIER
12044,2026-09-09 09:47:49.854073,date,2025-09-07,2025-09-07,OUTLIER
12054,2026-09-09 09:47:49.909603,date,2025-09-07,2025-09-07,OUTLIER
12073,2026-09-09 09:47:50.015694,date,2025-08-29,2025-08-29,OUTLIER
12076,2026-09-09 09:47:50.033895,date,2025-08-29,2025-08-29,OUTLIER
12083,2026-09-09 09:47:50.077349,unit_price_rial,,,MISSING
12083,2026-09-09 09:47:50.079709,unit_price_rial,,820000,CALCULATED
12099,2026-09-09 09:47:50.166098,date,2025-09-08,2025-09-08,OUTLIER
12101,2026-09-09 09:47:50.178745,distribution_id,,,UNKNOWN
12112,2026-09-09 09:47:50.237052,distribution_id,,,UNKNOWN
12113,2026-09-09 09:47:50.249340,sale_id,12113,12113,DUPLICATE
12122,2026-09-09 09:47:50.296360,product_id,P999,P999,INVALID
12125,2026-09-09 09:47:50.312695,date,2025-09-06,2025-09-06,OUTLIER
12134,2026-09-09 09:47:50.367831,sale_id,12134,12134,DUPLICATE
12138,2026-09-09 09:47:50.386601,date,2025-09-01,2025-09-01,OUTLIER
12140,2026-09-09 09:47:50.399233,date,2025-08-27,2025-08-27,OUTLIER
12140,2026-09-09 09:47:50.406926,sale_id,12140,12140,DUPLICATE
12140,2026-09-09 09:47:50.408878,date,2025-08-27,2025-08-27,OUTLIER
12163,2026-09-09 09:47:50.528894,date,2025-09-06,2025-09-06,OUTLIER
12170,2026-09-09 09:47:50.570113,product_id,P999,P999,INVALID
12178,2026-09-09 09:47:50.625742,date,2025-08-29,2025-08-29,OUTLIER
12199,2026-09-09 09:47:50.741804,date,2025-08-25,2025-08-25,OUTLIER
12204,2026-09-09 09:47:50.771532,quantity,-2,,INVALID
12204,2026-09-09 09:47:50.773385,quantity,,60,CALCULATED
12208,2026-09-09 09:47:50.794947,date,2025-08-31,2025-08-31,OUTLIER
12223,2026-09-09 09:47:50.875942,date,2025-09-05,2025-09-05,OUTLIER
12244,2026-09-09 09:47:51.011874,date,2025-09-06,2025-09-06,OUTLIER
12248,2026-09-09 09:47:51.035430,date,2025-08-29,2025-08-29,OUTLIER
12261,2026-09-09 09:47:51.106682,date,2025-09-07,2025-09-07,OUTLIER
12265,2026-09-09 09:47:51.134864,sale_id,12265,12265,DUPLICATE
12296,2026-09-09 09:47:51.295899,date,2025-09-02,2025-09-02,OUTLIER
12297,2026-09-09 09:47:51.302990,date,2025-08-24,2025-08-24,OUTLIER
12311,2026-09-09 09:47:51.380068,date,2025-09-01,2025-09-01,OUTLIER
12314,2026-09-09 09:47:51.401773,date,2025-09-01,2025-09-01,OUTLIER
12328,2026-09-09 09:47:51.480113,date,2025-09-02,2025-09-02,OUTLIER
12331,2026-09-09 09:47:51.496923,date,2025-08-31,2025-08-31,OUTLIER
12341,2026-09-09 09:47:51.551450,date,2026/04/02,2026-04-02,TYPE_FIXED
12381,2026-09-09 09:47:51.774737,date,2025-08-26,2025-08-26,OUTLIER
12383,2026-09-09 09:47:51.787084,date,2025-09-02,2025-09-02,OUTLIER
12383,2026-09-09 09:47:51.789892,product_id,P999,P999,INVALID
12398,2026-09-09 09:47:51.872345,date,2026/03/05,2026-03-05,TYPE_FIXED
12424,2026-09-09 09:47:52.015823,distribution_id,,,UNKNOWN
12443,2026-09-09 09:47:52.121228,total_price_rial,"58,368,000",58368000,TYPE_FIXED
12447,2026-09-09 09:47:52.142891,date,2025-09-08,2025-09-08,OUTLIER
12453,2026-09-09 09:47:52.178015,date,2025-09-01,2025-09-01,OUTLIER
12460,2026-09-09 09:47:52.218514,date,2026/01/30,2026-01-30,TYPE_FIXED
12494,2026-09-09 09:47:52.403960,date,2025-08-28,2025-08-28,OUTLIER
12509,2026-09-09 09:47:52.484699,date,2025-09-02,2025-09-02,OUTLIER
12510,2026-09-09 09:47:52.492539,date,2025-09-02,2025-09-02,OUTLIER
12516,2026-09-09 09:47:52.529123,unit_price_rial,,,MISSING
12516,2026-09-09 09:47:52.530877,unit_price_rial,,620000,CALCULATED
12534,2026-09-09 09:47:52.627522,date,2025-08-31,2025-08-31,OUTLIER
12593,2026-09-09 09:47:52.942916,total_price_rial,17806600,17806600,INCONSISTENT
12597,2026-09-09 09:47:52.964733,date,2025-09-02,2025-09-02,OUTLIER
12624,2026-09-09 09:47:53.132794,date,2025-09-06,2025-09-06,OUTLIER
12627,2026-09-09 09:47:53.156179,unit_price_rial,,,MISSING
12627,2026-09-09 09:47:53.157846,unit_price_rial,,620000,CALCULATED
12631,2026-09-09 09:47:53.179694,date,2026/02/22,2026-02-22,TYPE_FIXED
12643,2026-09-09 09:47:53.253972,sale_id,12643,12643,DUPLICATE
12649,2026-09-09 09:47:53.283313,date,2025-08-29,2025-08-29,OUTLIER
12671,2026-09-09 09:47:53.406919,date,2025-09-06,2025-09-06,OUTLIER
12672,2026-09-09 09:47:53.414457,date,2025-09-01,2025-09-01,OUTLIER
12673,2026-09-09 09:47:53.422240,date,2025-09-04,2025-09-04,OUTLIER
12690,2026-09-09 09:47:53.515646,date,2025-08-29,2025-08-29,OUTLIER
12725,2026-09-09 09:47:53.707628,date,2025-08-27,2025-08-27,OUTLIER
12733,2026-09-09 09:47:53.755263,date,2025-09-08,2025-09-08,OUTLIER
12778,2026-09-09 09:47:54.007046,total_price_rial,"94,656,000",94656000,TYPE_FIXED
12790,2026-09-09 09:47:54.074549,date,2025-08-26,2025-08-26,OUTLIER
12810,2026-09-09 09:47:54.190517,date,2025-09-08,2025-09-08,OUTLIER
12815,2026-09-09 09:47:54.220024,date,2025-08-29,2025-08-29,OUTLIER
12837,2026-09-09 09:47:54.342404,product_id,P999,P999,INVALID
12840,2026-09-09 09:47:54.359848,date,2025-08-26,2025-08-26,OUTLIER
12850,2026-09-09 09:47:54.416173,date,2025-09-01,2025-09-01,OUTLIER
12853,2026-09-09 09:47:54.434590,date,2025-09-07,2025-09-07,OUTLIER
12863,2026-09-09 09:47:54.490503,date,2025-09-08,2025-09-08,OUTLIER
12867,2026-09-09 09:47:54.514257,date,2025-08-28,2025-08-28,OUTLIER
12877,2026-09-09 09:47:54.572463,date,2025-08-28,2025-08-28,OUTLIER
12890,2026-09-09 09:47:54.648422,date,2025-09-06,2025-09-06,OUTLIER
12907,2026-09-09 09:47:54.750493,date,2025-09-01,2025-09-01,OUTLIER
12920,2026-09-09 09:47:54.834641,date,2025-09-05,2025-09-05,OUTLIER
12962,2026-09-09 09:47:55.113891,date,2025-08-27,2025-08-27,OUTLIER
13019,2026-09-09 09:47:55.457042,date,2025-08-31,2025-08-31,OUTLIER
13034,2026-09-09 09:47:55.543930,date,2025-08-27,2025-08-27,OUTLIER
13035,2026-09-09 09:47:55.551880,unit_price_rial,,,MISSING
13035,2026-09-09 09:47:55.554597,unit_price_rial,,820000,CALCULATED
13072,2026-09-09 09:47:55.764672,date,2025-08-24,2025-08-24,OUTLIER
13080,2026-09-09 09:47:55.811579,date,2025-08-30,2025-08-30,OUTLIER
13085,2026-09-09 09:47:55.842340,total_price_rial,"195,426,000",195426000,TYPE_FIXED
13118,2026-09-09 09:47:56.030546,distribution_id,,,UNKNOWN
13120,2026-09-09 09:47:56.043484,date,2025-08-28,2025-08-28,OUTLIER
13125,2026-09-09 09:47:56.072427,date,2026/04/04,2026-04-04,TYPE_FIXED
13130,2026-09-09 09:47:56.102791,date,2025-08-25,2025-08-25,OUTLIER
13144,2026-09-09 09:47:56.185330,date,2025-09-06,2025-09-06,OUTLIER
13161,2026-09-09 09:47:56.287721,distribution_id,,,UNKNOWN
13176,2026-09-09 09:47:56.371413,date,2025-09-02,2025-09-02,OUTLIER
13177,2026-09-09 09:47:56.378922,date,2025-08-30,2025-08-30,OUTLIER
13200,2026-09-09 09:47:56.511739,quantity,-10,,INVALID
13200,2026-09-09 09:47:56.513988,quantity,,5,CALCULATED
13216,2026-09-09 09:47:56.605555,date,2025-08-24,2025-08-24,OUTLIER
13222,2026-09-09 09:47:56.642417,date,2026/04/12,2026-04-12,TYPE_FIXED
13286,2026-09-09 09:47:57.010327,date,2025-08-31,2025-08-31,OUTLIER
13301,2026-09-09 09:47:57.102802,date,2025-09-01,2025-09-01,OUTLIER
13304,2026-09-09 09:47:57.122490,date,2025-08-24,2025-08-24,OUTLIER
13318,2026-09-09 09:47:57.205103,date,2025-08-27,2025-08-27,OUTLIER
13353,2026-09-09 09:47:57.406466,date,2025/11/04,2025-11-04,TYPE_FIXED
13359,2026-09-09 09:47:57.444119,total_price_rial,"46,075,000",46075000,TYPE_FIXED
13362,2026-09-09 09:47:57.461520,date,2025-08-25,2025-08-25,OUTLIER
13372,2026-09-09 09:47:57.522681,date,2025-08-25,2025-08-25,OUTLIER
13381,2026-09-09 09:47:57.579931,date,2026/02/16,2026-02-16,TYPE_FIXED
13415,2026-09-09 09:47:57.797929,distribution_id,,,UNKNOWN
13425,2026-09-09 09:47:57.859113,date,2025-09-02,2025-09-02,OUTLIER
13427,2026-09-09 09:47:57.872283,date,2025-08-29,2025-08-29,OUTLIER
13451,2026-09-09 09:47:58.014241,date,2025-08-31,2025-08-31,OUTLIER
13454,2026-09-09 09:47:58.034911,discount_percent,110,,INVALID
13454,2026-09-09 09:47:58.036966,discount_percent,,3,CALCULATED
13536,2026-09-09 09:47:58.520862,date,2025-09-08,2025-09-08,OUTLIER
13578,2026-09-09 09:47:58.770302,date,2025-08-28,2025-08-28,OUTLIER
13602,2026-09-09 09:47:58.912682,sale_id,13602,13602,DUPLICATE
13610,2026-09-09 09:47:58.954476,date,2025-09-01,2025-09-01,OUTLIER
13636,2026-09-09 09:47:59.106089,date,2025-08-26,2025-08-26,OUTLIER
13636,2026-09-09 09:47:59.108559,distribution_id,,,UNKNOWN
13646,2026-09-09 09:47:59.166191,date,2025-09-02,2025-09-02,OUTLIER
13670,2026-09-09 09:47:59.310170,date,2025-09-01,2025-09-01,OUTLIER
13680,2026-09-09 09:47:59.369997,date,2025-09-02,2025-09-02,OUTLIER
13685,2026-09-09 09:47:59.401635,total_price_rial,"7,670,000",7670000,TYPE_FIXED
13709,2026-09-09 09:47:59.538434,date,2025-08-27,2025-08-27,OUTLIER
13714,2026-09-09 09:47:59.566600,date,2025-09-03,2025-09-03,OUTLIER
13714,2026-09-09 09:47:59.569774,distribution_id,,,UNKNOWN
13720,2026-09-09 09:47:59.605000,unit_price_rial,,,MISSING
13720,2026-09-09 09:47:59.606808,unit_price_rial,,580000,CALCULATED
13723,2026-09-09 09:47:59.624766,date,2025-08-27,2025-08-27,OUTLIER
13734,2026-09-09 09:47:59.689772,date,2025-08-25,2025-08-25,OUTLIER
13746,2026-09-09 09:47:59.760672,date,2025-08-28,2025-08-28,OUTLIER
13747,2026-09-09 09:47:59.768311,date,2025-09-02,2025-09-02,OUTLIER
13749,2026-09-09 09:47:59.781360,date,2025-08-30,2025-08-30,OUTLIER
13760,2026-09-09 09:47:59.843745,date,2026/01/09,2026-01-09,TYPE_FIXED
13771,2026-09-09 09:47:59.908552,unit_price_rial,,,MISSING
13771,2026-09-09 09:47:59.911085,unit_price_rial,,590000,CALCULATED
13782,2026-09-09 09:47:59.989341,date,2025-08-26,2025-08-26,OUTLIER
13792,2026-09-09 09:48:00.057979,date,2025-08-26,2025-08-26,OUTLIER
13813,2026-09-09 09:48:00.192796,date,2025-08-29,2025-08-29,OUTLIER
13829,2026-09-09 09:48:00.290965,product_id,P999,P999,INVALID
13842,2026-09-09 09:48:00.378082,date,2025-08-29,2025-08-29,OUTLIER
13908,2026-09-09 09:48:00.803624,date,2025-09-05,2025-09-05,OUTLIER
13917,2026-09-09 09:48:00.863563,date,2025-09-08,2025-09-08,OUTLIER
13928,2026-09-09 09:48:00.930949,date,2025-09-05,2025-09-05,OUTLIER
13931,2026-09-09 09:48:00.952738,date,2025/09/06,2025-09-06,TYPE_FIXED
13931,2026-09-09 09:48:00.955064,date,2025-09-06,2025-09-06,OUTLIER
13949,2026-09-09 09:48:01.082777,product_id,P999,P999,INVALID
13950,2026-09-09 09:48:01.089679,date,2025-09-02,2025-09-02,OUTLIER
13953,2026-09-09 09:48:01.114504,date,2025-09-07,2025-09-07,OUTLIER
13957,2026-09-09 09:48:01.149658,date,2025-09-03,2025-09-03,OUTLIER
13964,2026-09-09 09:48:01.199482,date,2025-08-27,2025-08-27,OUTLIER
13970,2026-09-09 09:48:01.243094,date,2025-08-30,2025-08-30,OUTLIER
13990,2026-09-09 09:48:01.380542,date,2025-08-25,2025-08-25,OUTLIER
14038,2026-09-09 09:48:01.686490,date,2025-09-02,2025-09-02,OUTLIER
14051,2026-09-09 09:48:01.770899,date,2025-09-08,2025-09-08,OUTLIER
14056,2026-09-09 09:48:01.802935,distribution_id,,,UNKNOWN
14114,2026-09-09 09:48:02.157119,total_price_rial,24700000,24700000,INCONSISTENT
14117,2026-09-09 09:48:02.178117,date,2025/10/09,2025-10-09,TYPE_FIXED
14119,2026-09-09 09:48:02.196940,date,2025-09-04,2025-09-04,OUTLIER
14138,2026-09-09 09:48:02.336356,date,2025-08-27,2025-08-27,OUTLIER
14138,2026-09-09 09:48:02.341137,unit_price_rial,,,MISSING
14138,2026-09-09 09:48:02.343550,unit_price_rial,,1350000,CALCULATED
14140,2026-09-09 09:48:02.355657,date,2025-08-25,2025-08-25,OUTLIER
14149,2026-09-09 09:48:02.410500,date,2025-09-03,2025-09-03,OUTLIER
14163,2026-09-09 09:48:02.494991,date,2025-09-01,2025-09-01,OUTLIER
14173,2026-09-09 09:48:02.557656,date,2025-08-27,2025-08-27,OUTLIER
14191,2026-09-09 09:48:02.672652,sale_id,14191,14191,DUPLICATE
14214,2026-09-09 09:48:02.814776,date,2025-09-03,2025-09-03,OUTLIER
14216,2026-09-09 09:48:02.828792,date,2025-09-08,2025-09-08,OUTLIER
14226,2026-09-09 09:48:02.887685,date,2025-09-04,2025-09-04,OUTLIER
14253,2026-09-09 09:48:03.049178,date,2025-09-01,2025-09-01,OUTLIER
14279,2026-09-09 09:48:03.207357,sale_id,14279,14279,DUPLICATE
14285,2026-09-09 09:48:03.240311,date,2025-08-26,2025-08-26,OUTLIER
14302,2026-09-09 09:48:03.343851,date,2025-08-26,2025-08-26,OUTLIER
14341,2026-09-09 09:48:03.603513,date,2025-08-27,2025-08-27,OUTLIER
14375,2026-09-09 09:48:03.828069,date,2026/04/16,2026-04-16,TYPE_FIXED
14385,2026-09-09 09:48:03.888934,date,2025-08-27,2025-08-27,OUTLIER
14399,2026-09-09 09:48:03.979540,sale_id,14399,14399,DUPLICATE
14426,2026-09-09 09:48:04.128454,date,2025-09-06,2025-09-06,OUTLIER
14448,2026-09-09 09:48:04.253676,date,2025-09-05,2025-09-05,OUTLIER
14471,2026-09-09 09:48:04.384880,date,2025-08-25,2025-08-25,OUTLIER
14473,2026-09-09 09:48:04.399724,distribution_id,,,UNKNOWN
14476,2026-09-09 09:48:04.416810,date,2025-09-07,2025-09-07,OUTLIER
14481,2026-09-09 09:48:04.462795,date,2026/01/24,2026-01-24,TYPE_FIXED
14487,2026-09-09 09:48:04.504616,date,2025-08-24,2025-08-24,OUTLIER
14491,2026-09-09 09:48:04.530031,date,2025-08-27,2025-08-27,OUTLIER
14507,2026-09-09 09:48:04.624321,date,2025-08-29,2025-08-29,OUTLIER
14518,2026-09-09 09:48:04.689832,date,2025-08-26,2025-08-26,OUTLIER
14545,2026-09-09 09:48:04.854001,distribution_id,,,UNKNOWN
14549,2026-09-09 09:48:04.878376,date,2025-08-28,2025-08-28,OUTLIER
14562,2026-09-09 09:48:04.953391,date,2025-08-25,2025-08-25,OUTLIER
14570,2026-09-09 09:48:05.001135,date,2025-08-26,2025-08-26,OUTLIER
14575,2026-09-09 09:48:05.032261,date,2025-08-31,2025-08-31,OUTLIER
14582,2026-09-09 09:48:05.075389,date,2025-08-25,2025-08-25,OUTLIER
14591,2026-09-09 09:48:05.128364,date,2025-09-02,2025-09-02,OUTLIER
14621,2026-09-09 09:48:05.302720,date,2025-08-26,2025-08-26,OUTLIER
14643,2026-09-09 09:48:05.451517,date,2025-08-31,2025-08-31,OUTLIER
14686,2026-09-09 09:48:05.871676,distribution_id,,,UNKNOWN
14694,2026-09-09 09:48:05.925764,date,2025-09-02,2025-09-02,OUTLIER
14711,2026-09-09 09:48:06.041335,date,2025-09-08,2025-09-08,OUTLIER
14717,2026-09-09 09:48:06.076478,date,2025-08-29,2025-08-29,OUTLIER
14758,2026-09-09 09:48:06.303075,sale_id,14758,14758,DUPLICATE
14774,2026-09-09 09:48:06.386389,date,2025-09-04,2025-09-04,OUTLIER
14777,2026-09-09 09:48:06.405530,date,2025-09-05,2025-09-05,OUTLIER
14793,2026-09-09 09:48:06.496264,date,2025-08-29,2025-08-29,OUTLIER
14811,2026-09-09 09:48:06.592784,date,2025-08-27,2025-08-27,OUTLIER
14817,2026-09-09 09:48:06.626113,date,2025-09-06,2025-09-06,OUTLIER
14817,2026-09-09 09:48:06.629142,total_price_rial,"22,716,400",22716400,TYPE_FIXED
14881,2026-09-09 09:48:06.994770,date,2025-08-29,2025-08-29,OUTLIER
14891,2026-09-09 09:48:07.053720,date,2025-08-24,2025-08-24,OUTLIER
14918,2026-09-09 09:48:07.320181,product_id,P999,P999,INVALID
14929,2026-09-09 09:48:07.397368,date,2025-08-25,2025-08-25,OUTLIER
14942,2026-09-09 09:48:07.482693,sale_id,14942,14942,DUPLICATE
14966,2026-09-09 09:48:07.617173,date,2025-09-05,2025-09-05,OUTLIER
14967,2026-09-09 09:48:07.625164,date,2025-09-06,2025-09-06,OUTLIER
14978,2026-09-09 09:48:07.690091,date,2025-08-28,2025-08-28,OUTLIER
14982,2026-09-09 09:48:07.714534,distribution_id,,,UNKNOWN
15033,2026-09-09 09:48:08.020226,date,2025-08-24,2025-08-24,OUTLIER
15090,2026-09-09 09:48:08.375623,date,2025-09-08,2025-09-08,OUTLIER
15112,2026-09-09 09:48:08.517405,unit_price_rial,,,MISSING
15112,2026-09-09 09:48:08.519220,unit_price_rial,,950000,CALCULATED
15114,2026-09-09 09:48:08.532035,date,2026/02/10,2026-02-10,TYPE_FIXED
15127,2026-09-09 09:48:08.611506,date,2025-08-24,2025-08-24,OUTLIER
15178,2026-09-09 09:48:08.912216,sale_id,15178,15178,DUPLICATE
15183,2026-09-09 09:48:08.944223,sale_id,15183,15183,DUPLICATE
15190,2026-09-09 09:48:08.980953,date,2025-09-08,2025-09-08,OUTLIER
15191,2026-09-09 09:48:08.989543,date,2025-08-27,2025-08-27,OUTLIER
15208,2026-09-09 09:48:09.097477,sale_id,15208,15208,DUPLICATE
15281,2026-09-09 09:48:09.536284,date,2025-08-29,2025-08-29,OUTLIER
15286,2026-09-09 09:48:09.567840,date,2025-08-24,2025-08-24,OUTLIER
15312,2026-09-09 09:48:09.722854,date,2025-09-07,2025-09-07,OUTLIER
15337,2026-09-09 09:48:09.870098,date,2025-08-31,2025-08-31,OUTLIER
15340,2026-09-09 09:48:09.890558,date,2025-08-25,2025-08-25,OUTLIER
15351,2026-09-09 09:48:09.959748,unit_price_rial,,,MISSING
15351,2026-09-09 09:48:09.962660,unit_price_rial,,950000,CALCULATED
15402,2026-09-09 09:48:10.270614,date,2025-08-25,2025-08-25,OUTLIER
15411,2026-09-09 09:48:10.324077,date,2025-08-29,2025-08-29,OUTLIER
15418,2026-09-09 09:48:10.364983,date,2025-08-30,2025-08-30,OUTLIER
15419,2026-09-09 09:48:10.373686,distribution_id,,,UNKNOWN
15438,2026-09-09 09:48:10.482820,date,2025-08-30,2025-08-30,OUTLIER
15501,2026-09-09 09:48:10.850975,date,2026/07/26,2026-07-26,TYPE_FIXED
15534,2026-09-09 09:48:11.045509,date,2025-09-03,2025-09-03,OUTLIER
15539,2026-09-09 09:48:11.078130,total_price_rial,39576000,39576000,INCONSISTENT
15540,2026-09-09 09:48:11.084349,date,2025-09-08,2025-09-08,OUTLIER
15540,2026-09-09 09:48:11.087046,unit_price_rial,,,MISSING
15540,2026-09-09 09:48:11.089011,unit_price_rial,,610000,CALCULATED
15549,2026-09-09 09:48:11.142346,date,2025-09-02,2025-09-02,OUTLIER
15573,2026-09-09 09:48:11.284245,date,2025-08-30,2025-08-30,OUTLIER
15579,2026-09-09 09:48:11.322571,date,2025-08-28,2025-08-28,OUTLIER
15582,2026-09-09 09:48:11.342548,date,2025-09-03,2025-09-03,OUTLIER
15588,2026-09-09 09:48:11.380219,date,2025-08-26,2025-08-26,OUTLIER
15606,2026-09-09 09:48:11.493273,date,2025-09-04,2025-09-04,OUTLIER
15631,2026-09-09 09:48:11.665654,date,2025-08-30,2025-08-30,OUTLIER
15649,2026-09-09 09:48:11.774151,date,2025-09-08,2025-09-08,OUTLIER
15654,2026-09-09 09:48:11.805664,date,2025-08-24,2025-08-24,OUTLIER
15686,2026-09-09 09:48:12.001039,date,2025-09-06,2025-09-06,OUTLIER
15704,2026-09-09 09:48:12.113072,date,2025-09-02,2025-09-02,OUTLIER
15718,2026-09-09 09:48:12.197086,date,2025-08-31,2025-08-31,OUTLIER
15733,2026-09-09 09:48:12.290232,date,2026/04/27,2026-04-27,TYPE_FIXED
15746,2026-09-09 09:48:12.368447,date,2025-08-28,2025-08-28,OUTLIER
15774,2026-09-09 09:48:12.533419,date,2026/08/05,2026-08-05,TYPE_FIXED
15778,2026-09-09 09:48:12.560222,date,2025-08-30,2025-08-30,OUTLIER
15808,2026-09-09 09:48:12.736656,date,2025-08-30,2025-08-30,OUTLIER
15820,2026-09-09 09:48:12.809481,date,2025-08-28,2025-08-28,OUTLIER
15826,2026-09-09 09:48:12.845163,date,2025-09-02,2025-09-02,OUTLIER
15830,2026-09-09 09:48:12.870583,date,2025-08-28,2025-08-28,OUTLIER
15832,2026-09-09 09:48:12.884214,date,2025-09-01,2025-09-01,OUTLIER
15841,2026-09-09 09:48:12.941226,unit_price_rial,,,MISSING
15841,2026-09-09 09:48:12.943778,unit_price_rial,,620000,CALCULATED
15848,2026-09-09 09:48:12.986329,date,2025-08-31,2025-08-31,OUTLIER
15849,2026-09-09 09:48:12.993575,date,2025-08-28,2025-08-28,OUTLIER
15867,2026-09-09 09:48:13.104348,date,2025-09-03,2025-09-03,OUTLIER
15919,2026-09-09 09:48:13.418472,date,2025-09-07,2025-09-07,OUTLIER
15922,2026-09-09 09:48:13.437986,date,2025-08-26,2025-08-26,OUTLIER
15924,2026-09-09 09:48:13.452746,date,2025-09-05,2025-09-05,OUTLIER
15948,2026-09-09 09:48:13.597815,date,2025-09-04,2025-09-04,OUTLIER
15949,2026-09-09 09:48:13.605659,date,2025-08-25,2025-08-25,OUTLIER
15964,2026-09-09 09:48:13.694791,date,2025-08-28,2025-08-28,OUTLIER
15975,2026-09-09 09:48:13.759566,date,2025-09-06,2025-09-06,OUTLIER
16018,2026-09-09 09:48:14.030666,date,2025-09-03,2025-09-03,OUTLIER
16034,2026-09-09 09:48:14.129378,date,2025-08-24,2025-08-24,OUTLIER
16035,2026-09-09 09:48:14.138358,date,2025-08-30,2025-08-30,OUTLIER
16049,2026-09-09 09:48:14.223314,date,2025-08-25,2025-08-25,OUTLIER
16069,2026-09-09 09:48:14.360899,quantity,-2,,INVALID
16069,2026-09-09 09:48:14.362627,quantity,,42,CALCULATED
16073,2026-09-09 09:48:14.386221,date,2025-09-03,2025-09-03,OUTLIER
16088,2026-09-09 09:48:14.475927,date,2025-09-01,2025-09-01,OUTLIER
16091,2026-09-09 09:48:14.496937,unit_price_rial,,,MISSING
16091,2026-09-09 09:48:14.499321,unit_price_rial,,1250000,CALCULATED
16095,2026-09-09 09:48:14.525007,discount_percent,110,,INVALID
16095,2026-09-09 09:48:14.527199,discount_percent,,0,CALCULATED
16108,2026-09-09 09:48:14.607527,date,2025-09-05,2025-09-05,OUTLIER
16109,2026-09-09 09:48:14.615361,product_id,P999,P999,INVALID
16114,2026-09-09 09:48:14.650561,quantity,-1,,INVALID
16114,2026-09-09 09:48:14.652906,quantity,,43,CALCULATED
16133,2026-09-09 09:48:14.771988,date,2025-08-27,2025-08-27,OUTLIER
16138,2026-09-09 09:48:14.802733,date,2025-08-28,2025-08-28,OUTLIER
16160,2026-09-09 09:48:14.936695,date,2025-09-01,2025-09-01,OUTLIER
16200,2026-09-09 09:48:15.177835,distribution_id,,,UNKNOWN
16208,2026-09-09 09:48:15.233873,date,2025-09-05,2025-09-05,OUTLIER
16255,2026-09-09 09:48:15.657814,date,2025-08-30,2025-08-30,OUTLIER
16286,2026-09-09 09:48:15.859857,date,2025-08-28,2025-08-28,OUTLIER
16287,2026-09-09 09:48:15.865869,date,2025-09-01,2025-09-01,OUTLIER
16312,2026-09-09 09:48:16.002079,date,2025-08-30,2025-08-30,OUTLIER
16397,2026-09-09 09:48:16.514549,sale_id,16397,16397,DUPLICATE
16412,2026-09-09 09:48:16.590879,date,2025-09-04,2025-09-04,OUTLIER
16427,2026-09-09 09:48:16.678185,date,2025-09-04,2025-09-04,OUTLIER
16442,2026-09-09 09:48:16.760060,date,2025-08-24,2025-08-24,OUTLIER
16468,2026-09-09 09:48:16.909641,date,2025/11/21,2025-11-21,TYPE_FIXED
16483,2026-09-09 09:48:16.998467,date,2025-09-03,2025-09-03,OUTLIER
16503,2026-09-09 09:48:17.110688,product_id,P999,P999,INVALID
16506,2026-09-09 09:48:17.130990,date,2025-09-02,2025-09-02,OUTLIER
16519,2026-09-09 09:48:17.211652,date,2025-09-05,2025-09-05,OUTLIER
16520,2026-09-09 09:48:17.219686,date,2025-08-30,2025-08-30,OUTLIER
16551,2026-09-09 09:48:17.401253,date,2026/02/10,2026-02-10,TYPE_FIXED
16561,2026-09-09 09:48:17.456761,date,2025-08-26,2025-08-26,OUTLIER
16572,2026-09-09 09:48:17.523883,date,2025-09-01,2025-09-01,OUTLIER
16603,2026-09-09 09:48:17.715262,date,2025-08-30,2025-08-30,OUTLIER
16612,2026-09-09 09:48:17.768347,date,2025-08-24,2025-08-24,OUTLIER
16626,2026-09-09 09:48:17.845771,quantity,-2,,INVALID
16626,2026-09-09 09:48:17.847443,quantity,,136,CALCULATED
16678,2026-09-09 09:48:18.125936,date,2025-09-03,2025-09-03,OUTLIER
16682,2026-09-09 09:48:18.150820,date,2025-08-24,2025-08-24,OUTLIER
16704,2026-09-09 09:48:18.280435,date,2025-09-08,2025-09-08,OUTLIER
16704,2026-09-09 09:48:18.283241,distribution_id,,,UNKNOWN
16705,2026-09-09 09:48:18.294479,sale_id,16705,16705,DUPLICATE
16717,2026-09-09 09:48:18.357266,product_id,P999,P999,INVALID
16720,2026-09-09 09:48:18.376208,date,2025-08-28,2025-08-28,OUTLIER
16721,2026-09-09 09:48:18.384459,total_price_rial,"20,462,400",20462400,TYPE_FIXED
16728,2026-09-09 09:48:18.422366,distribution_id,,,UNKNOWN
16759,2026-09-09 09:48:18.593354,product_id,P999,P999,INVALID
16770,2026-09-09 09:48:18.659426,date,2025-08-26,2025-08-26,OUTLIER
16781,2026-09-09 09:48:18.720838,date,2025-08-29,2025-08-29,OUTLIER
16783,2026-09-09 09:48:18.733745,date,2025-09-06,2025-09-06,OUTLIER
16792,2026-09-09 09:48:18.808284,sale_id,16792,16792,DUPLICATE
16811,2026-09-09 09:48:18.913967,date,2025-08-31,2025-08-31,OUTLIER
16812,2026-09-09 09:48:18.920749,date,2026/05/04,2026-05-04,TYPE_FIXED
16825,2026-09-09 09:48:18.994928,date,2025-09-08,2025-09-08,OUTLIER
16859,2026-09-09 09:48:19.187380,date,2025-09-04,2025-09-04,OUTLIER
16884,2026-09-09 09:48:19.339016,date,2025-08-26,2025-08-26,OUTLIER
16884,2026-09-09 09:48:19.345913,sale_id,16884,16884,DUPLICATE
16884,2026-09-09 09:48:19.348004,date,2025-08-26,2025-08-26,OUTLIER
16887,2026-09-09 09:48:19.359778,date,2025-08-25,2025-08-25,OUTLIER
16902,2026-09-09 09:48:19.447570,date,2025-09-04,2025-09-04,OUTLIER
16928,2026-09-09 09:48:19.593428,date,2025-08-25,2025-08-25,OUTLIER
16946,2026-09-09 09:48:19.700469,date,2025-08-31,2025-08-31,OUTLIER
16947,2026-09-09 09:48:19.708808,date,2025-08-29,2025-08-29,OUTLIER
16959,2026-09-09 09:48:19.777913,date,2025-08-29,2025-08-29,OUTLIER
16967,2026-09-09 09:48:19.822456,date,2025-09-08,2025-09-08,OUTLIER
16968,2026-09-09 09:48:19.830949,date,2025-08-24,2025-08-24,OUTLIER
16972,2026-09-09 09:48:19.854240,date,2025-08-27,2025-08-27,OUTLIER
16976,2026-09-09 09:48:19.876181,date,2025-08-31,2025-08-31,OUTLIER
16982,2026-09-09 09:48:19.913354,date,2025-09-06,2025-09-06,OUTLIER
17010,2026-09-09 09:48:20.067741,distribution_id,,,UNKNOWN
17022,2026-09-09 09:48:20.134441,date,2025-09-05,2025-09-05,OUTLIER
17025,2026-09-09 09:48:20.152586,date,2025-09-07,2025-09-07,OUTLIER
17032,2026-09-09 09:48:20.196352,date,2025-08-25,2025-08-25,OUTLIER
17060,2026-09-09 09:48:20.360805,sale_id,17060,17060,DUPLICATE
17092,2026-09-09 09:48:20.552369,total_price_rial,25220000,25220000,INCONSISTENT
17093,2026-09-09 09:48:20.558185,date,2025-09-01,2025-09-01,OUTLIER
17107,2026-09-09 09:48:20.646673,distribution_id,,,UNKNOWN
17124,2026-09-09 09:48:20.757719,total_price_rial,22698000,22698000,INCONSISTENT
17132,2026-09-09 09:48:20.806483,date,2025/09/09,2025-09-09,TYPE_FIXED
17155,2026-09-09 09:48:20.939802,date,2025-08-28,2025-08-28,OUTLIER
17166,2026-09-09 09:48:21.006878,date,2025-09-02,2025-09-02,OUTLIER
17204,2026-09-09 09:48:21.240377,date,2025-08-31,2025-08-31,OUTLIER
17220,2026-09-09 09:48:21.338514,sale_id,17220,17220,DUPLICATE
17269,2026-09-09 09:48:21.605371,date,2025-08-24,2025-08-24,OUTLIER
17275,2026-09-09 09:48:21.647077,sale_id,17275,17275,DUPLICATE
17291,2026-09-09 09:48:21.730862,date,2025-08-26,2025-08-26,OUTLIER
17292,2026-09-09 09:48:21.738580,product_id,P999,P999,INVALID
17321,2026-09-09 09:48:21.905521,product_id,P999,P999,INVALID
17334,2026-09-09 09:48:21.985452,date,2025-09-06,2025-09-06,OUTLIER
17343,2026-09-09 09:48:22.038976,date,2025-09-07,2025-09-07,OUTLIER
17344,2026-09-09 09:48:22.047513,date,2025-09-03,2025-09-03,OUTLIER
17355,2026-09-09 09:48:22.113675,date,2025-09-06,2025-09-06,OUTLIER
17362,2026-09-09 09:48:22.158658,date,2025-08-30,2025-08-30,OUTLIER
17385,2026-09-09 09:48:22.300146,date,2025-08-30,2025-08-30,OUTLIER
17393,2026-09-09 09:48:22.348544,date,2025-09-08,2025-09-08,OUTLIER
17422,2026-09-09 09:48:22.516064,product_id,P999,P999,INVALID
17427,2026-09-09 09:48:22.547904,date,2025-08-31,2025-08-31,OUTLIER
17461,2026-09-09 09:48:22.738650,date,2025/12/02,2025-12-02,TYPE_FIXED
17492,2026-09-09 09:48:22.922619,date,2026/05/27,2026-05-27,TYPE_FIXED
17508,2026-09-09 09:48:23.019034,distribution_id,,,UNKNOWN
17516,2026-09-09 09:48:23.068869,product_id,P999,P999,INVALID
17525,2026-09-09 09:48:23.119022,date,2025-08-31,2025-08-31,OUTLIER
17544,2026-09-09 09:48:23.232010,date,2026/02/07,2026-02-07,TYPE_FIXED
17563,2026-09-09 09:48:23.361814,date,2025-08-31,2025-08-31,OUTLIER
17580,2026-09-09 09:48:23.455072,quantity,-8,,INVALID
17580,2026-09-09 09:48:23.457058,quantity,,15,CALCULATED
17584,2026-09-09 09:48:23.480662,total_price_rial,38164000,38164000,INCONSISTENT
17589,2026-09-09 09:48:23.509866,date,2026/06/03,2026-06-03,TYPE_FIXED
17590,2026-09-09 09:48:23.517319,date,2025-09-05,2025-09-05,OUTLIER
17618,2026-09-09 09:48:23.680511,date,2025-08-31,2025-08-31,OUTLIER
17626,2026-09-09 09:48:23.757960,distribution_id,,,UNKNOWN
17656,2026-09-09 09:48:23.942931,distribution_id,,,UNKNOWN
17754,2026-09-09 09:48:24.506121,total_price_rial,"216,384,000",216384000,TYPE_FIXED
17775,2026-09-09 09:48:24.631845,date,2025-08-29,2025-08-29,OUTLIER
17809,2026-09-09 09:48:24.827075,date,2025-08-26,2025-08-26,OUTLIER
17843,2026-09-09 09:48:25.027105,sale_id,17843,17843,DUPLICATE
17847,2026-09-09 09:48:25.046812,total_price_rial,"36,569,000",36569000,TYPE_FIXED
17847,2026-09-09 09:48:25.064670,sale_id,17847,17848,TYPE_FIXED
17847,2026-09-09 09:48:25.068601,total_price_rial,"36,569,000",36569000,TYPE_FIXED
17855,2026-09-09 09:48:25.110967,distribution_id,,,UNKNOWN
17856,2026-09-09 09:48:25.123389,sale_id,17856,17856,DUPLICATE
17858,2026-09-09 09:48:25.132407,date,2025-09-01,2025-09-01,OUTLIER
17867,2026-09-09 09:48:25.188970,date,2025-08-30,2025-08-30,OUTLIER
17873,2026-09-09 09:48:25.225560,date,2025-08-30,2025-08-30,OUTLIER
17875,2026-09-09 09:48:25.238796,date,2025-08-31,2025-08-31,OUTLIER
17882,2026-09-09 09:48:25.280647,date,2025-09-03,2025-09-03,OUTLIER
17896,2026-09-09 09:48:25.372023,date,2025-09-07,2025-09-07,OUTLIER
17907,2026-09-09 09:48:25.439167,date,2025-08-28,2025-08-28,OUTLIER
17911,2026-09-09 09:48:25.466730,distribution_id,,,UNKNOWN
17923,2026-09-09 09:48:25.543720,distribution_id,,,UNKNOWN
17925,2026-09-09 09:48:25.559585,date,2025-08-27,2025-08-27,OUTLIER
17935,2026-09-09 09:48:25.625812,date,2025-08-24,2025-08-24,OUTLIER
17976,2026-09-09 09:48:25.869410,date,2025-09-01,2025-09-01,OUTLIER
17984,2026-09-09 09:48:25.919653,date,2025-09-03,2025-09-03,OUTLIER
17999,2026-09-09 09:48:26.016684,date,2025-08-29,2025-08-29,OUTLIER
18018,2026-09-09 09:48:26.130936,total_price_rial,"28,993,300",28993300,TYPE_FIXED
18023,2026-09-09 09:48:26.161359,product_id,P999,P999,INVALID
18086,2026-09-09 09:48:26.524615,date,2025-08-31,2025-08-31,OUTLIER
18118,2026-09-09 09:48:26.708363,date,2025-09-08,2025-09-08,OUTLIER
18173,2026-09-09 09:48:27.046790,sale_id,18173,18173,DUPLICATE
18175,2026-09-09 09:48:27.054207,unit_price_rial,,,MISSING
18175,2026-09-09 09:48:27.055745,unit_price_rial,,580000,CALCULATED
18183,2026-09-09 09:48:27.107702,sale_id,18183,18183,DUPLICATE
18187,2026-09-09 09:48:27.129321,date,2025-08-24,2025-08-24,OUTLIER
18202,2026-09-09 09:48:27.219843,date,2025-08-24,2025-08-24,OUTLIER
18213,2026-09-09 09:48:27.292523,distribution_id,,,UNKNOWN
18226,2026-09-09 09:48:27.385211,date,2025-09-01,2025-09-01,OUTLIER
18239,2026-09-09 09:48:27.473800,date,2025-09-01,2025-09-01,OUTLIER
18242,2026-09-09 09:48:27.496463,date,2025-08-31,2025-08-31,OUTLIER
18244,2026-09-09 09:48:27.512669,date,2025-09-01,2025-09-01,OUTLIER
18251,2026-09-09 09:48:27.564039,total_price_rial,"45,458,400",45458400,TYPE_FIXED
18252,2026-09-09 09:48:27.572533,total_price_rial,"22,420,000",22420000,TYPE_FIXED
18258,2026-09-09 09:48:27.616599,date,2025-08-25,2025-08-25,OUTLIER
18262,2026-09-09 09:48:27.647989,date,2025-09-04,2025-09-04,OUTLIER
18265,2026-09-09 09:48:27.670101,date,2025-08-24,2025-08-24,OUTLIER
18283,2026-09-09 09:48:27.794730,date,2025-09-06,2025-09-06,OUTLIER
18291,2026-09-09 09:48:27.849998,sale_id,18291,18291,DUPLICATE
18305,2026-09-09 09:48:27.926158,date,2025-08-24,2025-08-24,OUTLIER
18329,2026-09-09 09:48:28.083433,date,2025-09-07,2025-09-07,OUTLIER
18352,2026-09-09 09:48:28.211280,date,2025-08-26,2025-08-26,OUTLIER
18358,2026-09-09 09:48:28.249587,date,2025-08-25,2025-08-25,OUTLIER
18360,2026-09-09 09:48:28.264743,total_price_rial,"5,174,400",5174400,TYPE_FIXED
18364,2026-09-09 09:48:28.290500,date,2025-09-08,2025-09-08,OUTLIER
18370,2026-09-09 09:48:28.328932,total_price_rial,9150000,9150000,INCONSISTENT
18380,2026-09-09 09:48:28.390555,distribution_id,,,UNKNOWN
18399,2026-09-09 09:48:28.513136,quantity,-1,,INVALID
18399,2026-09-09 09:48:28.514876,quantity,,32,CALCULATED
18413,2026-09-09 09:48:28.601276,date,2025-08-30,2025-08-30,OUTLIER
18434,2026-09-09 09:48:28.719323,date,2026/06/27,2026-06-27,TYPE_FIXED
18446,2026-09-09 09:48:28.789194,date,2025-08-25,2025-08-25,OUTLIER
18467,2026-09-09 09:48:28.911223,product_id,P999,P999,INVALID
18471,2026-09-09 09:48:28.934084,date,2026/08/15,2026-08-15,TYPE_FIXED
18484,2026-09-09 09:48:29.010076,distribution_id,,,UNKNOWN
18487,2026-09-09 09:48:29.027256,date,2025-09-02,2025-09-02,OUTLIER
18495,2026-09-09 09:48:29.078318,date,2025-08-24,2025-08-24,OUTLIER
18527,2026-09-09 09:48:29.260787,date,2025-09-04,2025-09-04,OUTLIER
18545,2026-09-09 09:48:29.367776,distribution_id,,,UNKNOWN
18548,2026-09-09 09:48:29.385170,date,2025-08-31,2025-08-31,OUTLIER
18556,2026-09-09 09:48:29.432668,date,2025-08-29,2025-08-29,OUTLIER
18582,2026-09-09 09:48:29.578907,date,2025-08-29,2025-08-29,OUTLIER
18583,2026-09-09 09:48:29.586532,date,2025-09-07,2025-09-07,OUTLIER
18597,2026-09-09 09:48:29.669665,date,2025-08-29,2025-08-29,OUTLIER
18624,2026-09-09 09:48:29.834575,date,2025-09-06,2025-09-06,OUTLIER
18652,2026-09-09 09:48:30.010004,discount_percent,110,,INVALID
18652,2026-09-09 09:48:30.011817,discount_percent,,0,CALCULATED
18661,2026-09-09 09:48:30.069194,sale_id,18661,18661,DUPLICATE
18665,2026-09-09 09:48:30.087012,date,2025/10/23,2025-10-23,TYPE_FIXED
18689,2026-09-09 09:48:30.224761,distribution_id,,,UNKNOWN
18722,2026-09-09 09:48:30.432029,unit_price_rial,,,MISSING
18722,2026-09-09 09:48:30.434132,unit_price_rial,,1350000,CALCULATED
18756,2026-09-09 09:48:30.638462,date,2025-08-31,2025-08-31,OUTLIER
18786,2026-09-09 09:48:30.807766,distribution_id,,,UNKNOWN
18794,2026-09-09 09:48:30.852233,date,2025-09-02,2025-09-02,OUTLIER
18817,2026-09-09 09:48:30.989728,date,2025-09-05,2025-09-05,OUTLIER
18858,2026-09-09 09:48:31.231049,date,2025-09-02,2025-09-02,OUTLIER
18870,2026-09-09 09:48:31.304937,date,2025-09-07,2025-09-07,OUTLIER
18872,2026-09-09 09:48:31.321039,total_price_rial,28867200,28867200,INCONSISTENT
18876,2026-09-09 09:48:31.344808,unit_price_rial,,,MISSING
18876,2026-09-09 09:48:31.346564,unit_price_rial,,1250000,CALCULATED
18891,2026-09-09 09:48:31.443773,sale_id,18891,18891,DUPLICATE
18923,2026-09-09 09:48:31.666277,date,2025-08-24,2025-08-24,OUTLIER
18952,2026-09-09 09:48:31.932264,date,2025-08-31,2025-08-31,OUTLIER
18965,2026-09-09 09:48:32.040673,date,2025-08-24,2025-08-24,OUTLIER
18971,2026-09-09 09:48:32.086743,date,2025-08-28,2025-08-28,OUTLIER
18983,2026-09-09 09:48:32.176810,date,2025-08-24,2025-08-24,OUTLIER
18993,2026-09-09 09:48:32.265349,date,2025-08-28,2025-08-28,OUTLIER
18997,2026-09-09 09:48:32.312632,unit_price_rial,,,MISSING
18997,2026-09-09 09:48:32.316234,unit_price_rial,,790000,CALCULATED
19001,2026-09-09 09:48:32.364556,date,2025-08-26,2025-08-26,OUTLIER
19022,2026-09-09 09:48:32.617665,date,2025-08-25,2025-08-25,OUTLIER
19060,2026-09-09 09:48:32.913257,date,2025-09-02,2025-09-02,OUTLIER
19062,2026-09-09 09:48:32.929942,date,2025-08-28,2025-08-28,OUTLIER
19072,2026-09-09 09:48:33.006278,date,2025-09-08,2025-09-08,OUTLIER
19073,2026-09-09 09:48:33.024671,date,2025-08-28,2025-08-28,OUTLIER
19076,2026-09-09 09:48:33.064663,date,2025-08-31,2025-08-31,OUTLIER
19080,2026-09-09 09:48:33.100206,date,2025-09-03,2025-09-03,OUTLIER
19103,2026-09-09 09:48:33.263721,total_price_rial,36716400,36716400,INCONSISTENT
19134,2026-09-09 09:48:33.490120,sale_id,19134,19134,DUPLICATE
19136,2026-09-09 09:48:33.501378,total_price_rial,"15,033,200",15033200,TYPE_FIXED
19179,2026-09-09 09:48:33.809544,date,2025-09-01,2025-09-01,OUTLIER
19203,2026-09-09 09:48:33.975288,date,2025-09-04,2025-09-04,OUTLIER
19215,2026-09-09 09:48:34.054508,unit_price_rial,,,MISSING
19215,2026-09-09 09:48:34.057413,unit_price_rial,,580000,CALCULATED
19218,2026-09-09 09:48:34.078272,total_price_rial,"10,620,000",10620000,TYPE_FIXED
19228,2026-09-09 09:48:34.143128,date,2025-08-27,2025-08-27,OUTLIER
19235,2026-09-09 09:48:34.190735,date,2025-09-01,2025-09-01,OUTLIER
19242,2026-09-09 09:48:34.238261,date,2025-09-05,2025-09-05,OUTLIER
19259,2026-09-09 09:48:34.352830,date,2025-09-07,2025-09-07,OUTLIER
19270,2026-09-09 09:48:34.440476,sale_id,19270,19270,DUPLICATE
19295,2026-09-09 09:48:34.576316,distribution_id,,,UNKNOWN
19318,2026-09-09 09:48:34.689119,date,2025-08-31,2025-08-31,OUTLIER
19345,2026-09-09 09:48:34.820717,date,2025-09-03,2025-09-03,OUTLIER
19350,2026-09-09 09:48:34.846501,date,2025-08-25,2025-08-25,OUTLIER
19403,2026-09-09 09:48:35.103752,date,2025-08-27,2025-08-27,OUTLIER
19405,2026-09-09 09:48:35.114880,total_price_rial,10340200,10340200,INCONSISTENT
19406,2026-09-09 09:48:35.118573,distribution_id,,,UNKNOWN
19415,2026-09-09 09:48:35.169245,date,2025-09-08,2025-09-08,OUTLIER
19425,2026-09-09 09:48:35.221141,date,2025-09-04,2025-09-04,OUTLIER
19453,2026-09-09 09:48:35.380823,date,2025/09/18,2025-09-18,TYPE_FIXED
19470,2026-09-09 09:48:35.463836,date,2025-08-29,2025-08-29,OUTLIER
19480,2026-09-09 09:48:35.508572,date,2025-09-04,2025-09-04,OUTLIER
19501,2026-09-09 09:48:35.611626,distribution_id,,,UNKNOWN
19507,2026-09-09 09:48:35.639845,date,2025-08-24,2025-08-24,OUTLIER
19510,2026-09-09 09:48:35.655671,date,2025-08-31,2025-08-31,OUTLIER
19523,2026-09-09 09:48:35.717987,date,2025-09-07,2025-09-07,OUTLIER
19526,2026-09-09 09:48:35.731609,date,2025-08-29,2025-08-29,OUTLIER
19537,2026-09-09 09:48:35.784101,unit_price_rial,,,MISSING
19537,2026-09-09 09:48:35.785181,unit_price_rial,,720000,CALCULATED
19553,2026-09-09 09:48:35.856417,date,2025-09-06,2025-09-06,OUTLIER
19590,2026-09-09 09:48:36.030439,date,2025-08-31,2025-08-31,OUTLIER
19608,2026-09-09 09:48:36.114883,date,2025-09-05,2025-09-05,OUTLIER
19611,2026-09-09 09:48:36.129770,date,2025-08-25,2025-08-25,OUTLIER
19627,2026-09-09 09:48:36.205462,distribution_id,,,UNKNOWN
19641,2026-09-09 09:48:36.269609,date,2025-08-26,2025-08-26,OUTLIER
19668,2026-09-09 09:48:36.398557,date,2025-09-07,2025-09-07,OUTLIER
19677,2026-09-09 09:48:36.438079,date,2025-08-26,2025-08-26,OUTLIER
19766,2026-09-09 09:48:36.839809,date,2025-09-06,2025-09-06,OUTLIER
19793,2026-09-09 09:48:36.961686,date,2025-09-05,2025-09-05,OUTLIER
19816,2026-09-09 09:48:37.065544,date,2025-08-24,2025-08-24,OUTLIER
19820,2026-09-09 09:48:37.086858,date,2025-08-29,2025-08-29,OUTLIER
19846,2026-09-09 09:48:37.202917,distribution_id,,,UNKNOWN
19849,2026-09-09 09:48:37.216650,product_id,P999,P999,INVALID
19851,2026-09-09 09:48:37.226972,total_price_rial,"12,028,000",12028000,TYPE_FIXED
19853,2026-09-09 09:48:37.236239,date,2025-09-06,2025-09-06,OUTLIER
19873,2026-09-09 09:48:37.324854,date,2025-09-04,2025-09-04,OUTLIER
19879,2026-09-09 09:48:37.356420,date,2025-08-30,2025-08-30,OUTLIER
19897,2026-09-09 09:48:37.441731,date,2025/09/30,2025-09-30,TYPE_FIXED
19913,2026-09-09 09:48:37.516103,date,2025-08-25,2025-08-25,OUTLIER
19927,2026-09-09 09:48:37.613050,unit_price_rial,,,MISSING
19927,2026-09-09 09:48:37.615575,unit_price_rial,,480000,CALCULATED
19953,2026-09-09 09:48:37.732046,product_id,P999,P999,INVALID
19955,2026-09-09 09:48:37.740458,date,2025-09-04,2025-09-04,OUTLIER
20005,2026-09-09 09:48:37.963292,date,2025-08-26,2025-08-26,OUTLIER
20033,2026-09-09 09:48:38.090711,sale_id,20033,20033,DUPLICATE
20037,2026-09-09 09:48:38.104808,date,2025-09-06,2025-09-06,OUTLIER
20040,2026-09-09 09:48:38.120042,total_price_rial,43462500,43462500,INCONSISTENT
20046,2026-09-09 09:48:38.146623,unit_price_rial,,,MISSING
20046,2026-09-09 09:48:38.148636,unit_price_rial,,820000,CALCULATED
20049,2026-09-09 09:48:38.162667,date,2025-08-31,2025-08-31,OUTLIER
20062,2026-09-09 09:48:38.226464,date,2025-08-29,2025-08-29,OUTLIER
20064,2026-09-09 09:48:38.237560,date,2025-09-06,2025-09-06,OUTLIER
20093,2026-09-09 09:48:38.366215,date,2026/04/26,2026-04-26,TYPE_FIXED
20096,2026-09-09 09:48:38.379469,date,2025-09-03,2025-09-03,OUTLIER
20119,2026-09-09 09:48:38.489518,unit_price_rial,,,MISSING
20119,2026-09-09 09:48:38.490550,unit_price_rial,,1450000,CALCULATED
20145,2026-09-09 09:48:38.600251,date,2025-08-31,2025-08-31,OUTLIER
20173,2026-09-09 09:48:38.725437,product_id,P999,P999,INVALID
20184,2026-09-09 09:48:38.780146,sale_id,20184,20184,DUPLICATE
20191,2026-09-09 09:48:38.809744,date,2025-09-08,2025-09-08,OUTLIER
20233,2026-09-09 09:48:38.991878,date,2025-09-04,2025-09-04,OUTLIER
20234,2026-09-09 09:48:38.998126,date,2025-08-26,2025-08-26,OUTLIER
20266,2026-09-09 09:48:39.161907,date,2025-08-28,2025-08-28,OUTLIER
20283,2026-09-09 09:48:39.240419,date,2025-08-24,2025-08-24,OUTLIER
20289,2026-09-09 09:48:39.270318,date,2025-08-27,2025-08-27,OUTLIER
20299,2026-09-09 09:48:39.320394,sale_id,20299,20299,DUPLICATE
20311,2026-09-09 09:48:39.373451,date,2025-08-24,2025-08-24,OUTLIER
20356,2026-09-09 09:48:39.571201,date,2025-09-01,2025-09-01,OUTLIER
20393,2026-09-09 09:48:39.750040,date,2025-09-03,2025-09-03,OUTLIER
20424,2026-09-09 09:48:39.911127,date,2025-09-05,2025-09-05,OUTLIER
20458,2026-09-09 09:48:40.058330,product_id,P999,P999,INVALID
20483,2026-09-09 09:48:40.167799,date,2025-08-30,2025-08-30,OUTLIER
20484,2026-09-09 09:48:40.172882,date,2025-08-25,2025-08-25,OUTLIER
20487,2026-09-09 09:48:40.185622,date,2025-09-04,2025-09-04,OUTLIER
20497,2026-09-09 09:48:40.230598,date,2025-08-31,2025-08-31,OUTLIER
20498,2026-09-09 09:48:40.235951,date,2025-08-25,2025-08-25,OUTLIER
20513,2026-09-09 09:48:40.301437,date,2025-09-05,2025-09-05,OUTLIER
20535,2026-09-09 09:48:40.395036,date,2025-08-28,2025-08-28,OUTLIER
20554,2026-09-09 09:48:40.479170,total_price_rial,"3,298,000",3298000,TYPE_FIXED
20556,2026-09-09 09:48:40.488378,date,2025-09-07,2025-09-07,OUTLIER
20583,2026-09-09 09:48:40.613354,distribution_id,,,UNKNOWN
20589,2026-09-09 09:48:40.644009,date,2025-08-27,2025-08-27,OUTLIER
20598,2026-09-09 09:48:40.690187,date,2025-09-05,2025-09-05,OUTLIER
20619,2026-09-09 09:48:40.781752,date,2026/07/05,2026-07-05,TYPE_FIXED
20625,2026-09-09 09:48:40.808593,total_price_rial,24696000,24696000,INCONSISTENT
20648,2026-09-09 09:48:40.910924,date,2025-09-04,2025-09-04,OUTLIER
20663,2026-09-09 09:48:40.976110,date,2025-09-08,2025-09-08,OUTLIER
20665,2026-09-09 09:48:40.986689,product_id,P999,P999,INVALID
20666,2026-09-09 09:48:40.991564,date,2026/07/14,2026-07-14,TYPE_FIXED
20674,2026-09-09 09:48:41.024322,date,2025-09-03,2025-09-03,OUTLIER
20675,2026-09-09 09:48:41.030399,date,2025-08-31,2025-08-31,OUTLIER
20753,2026-09-09 09:48:41.374265,date,2025-08-31,2025-08-31,OUTLIER
20773,2026-09-09 09:48:41.463998,date,2025/11/15,2025-11-15,TYPE_FIXED
20778,2026-09-09 09:48:41.485873,date,2025-09-06,2025-09-06,OUTLIER
20779,2026-09-09 09:48:41.491885,date,2025-09-08,2025-09-08,OUTLIER
20786,2026-09-09 09:48:41.524817,total_price_rial,9360000,9360000,INCONSISTENT
20797,2026-09-09 09:48:41.573254,date,2025-09-06,2025-09-06,OUTLIER
20800,2026-09-09 09:48:41.587689,date,2025-09-08,2025-09-08,OUTLIER
20817,2026-09-09 09:48:41.666800,date,2025-08-30,2025-08-30,OUTLIER
20848,2026-09-09 09:48:41.806286,date,2025-09-01,2025-09-01,OUTLIER
20900,2026-09-09 09:48:42.067847,date,2025-09-04,2025-09-04,OUTLIER
20911,2026-09-09 09:48:42.123885,quantity,-5,,INVALID
20911,2026-09-09 09:48:42.124891,quantity,,9,CALCULATED
20912,2026-09-09 09:48:42.129957,date,2025-08-31,2025-08-31,OUTLIER
20928,2026-09-09 09:48:42.206913,date,2025-08-26,2025-08-26,OUTLIER
20936,2026-09-09 09:48:42.246559,date,2025-08-26,2025-08-26,OUTLIER
20949,2026-09-09 09:48:42.304735,date,2025-09-03,2025-09-03,OUTLIER
20991,2026-09-09 09:48:42.498956,date,2026/05/28,2026-05-28,TYPE_FIXED
21006,2026-09-09 09:48:42.569668,quantity,-6,,INVALID
21006,2026-09-09 09:48:42.570722,quantity,,10,CALCULATED
21029,2026-09-09 09:48:42.681739,unit_price_rial,,,MISSING
21029,2026-09-09 09:48:42.683079,unit_price_rial,,1350000,CALCULATED
21036,2026-09-09 09:48:42.716250,date,2025-09-02,2025-09-02,OUTLIER
21052,2026-09-09 09:48:42.793651,date,2025-09-05,2025-09-05,OUTLIER
21061,2026-09-09 09:48:42.840392,sale_id,21061,21061,DUPLICATE
21071,2026-09-09 09:48:42.886559,date,2025-09-05,2025-09-05,OUTLIER
21072,2026-09-09 09:48:42.893201,date,2025-09-06,2025-09-06,OUTLIER
21086,2026-09-09 09:48:42.961115,distribution_id,,,UNKNOWN
21089,2026-09-09 09:48:42.976468,product_id,P999,P999,INVALID
21099,2026-09-09 09:48:43.024580,date,2025-09-07,2025-09-07,OUTLIER
21109,2026-09-09 09:48:43.071963,date,2025-09-07,2025-09-07,OUTLIER
21143,2026-09-09 09:48:43.238795,date,2025-08-30,2025-08-30,OUTLIER
21148,2026-09-09 09:48:43.264900,date,2025-09-03,2025-09-03,OUTLIER
21149,2026-09-09 09:48:43.271649,date,2026/02/11,2026-02-11,TYPE_FIXED
21154,2026-09-09 09:48:43.297008,date,2025-09-07,2025-09-07,OUTLIER
21183,2026-09-09 09:48:43.438389,total_price_rial,"43,659,000",43659000,TYPE_FIXED
21195,2026-09-09 09:48:43.498231,date,2025-08-31,2025-08-31,OUTLIER
21199,2026-09-09 09:48:43.520637,total_price_rial,17640000,17640000,INCONSISTENT
21203,2026-09-09 09:48:43.539457,date,2025/09/06,2025-09-06,TYPE_FIXED
21203,2026-09-09 09:48:43.541168,date,2025-09-06,2025-09-06,OUTLIER
21237,2026-09-09 09:48:43.701409,date,2025-09-01,2025-09-01,OUTLIER
21242,2026-09-09 09:48:43.723251,distribution_id,,,UNKNOWN
21256,2026-09-09 09:48:43.796384,sale_id,21256,21256,DUPLICATE
21304,2026-09-09 09:48:44.014929,date,2025-09-03,2025-09-03,OUTLIER
21321,2026-09-09 09:48:44.094979,quantity,-3,,INVALID
21321,2026-09-09 09:48:44.096720,quantity,,4,CALCULATED
21330,2026-09-09 09:48:44.134356,date,2025-08-24,2025-08-24,OUTLIER
21336,2026-09-09 09:48:44.163107,date,2025-08-27,2025-08-27,OUTLIER
21362,2026-09-09 09:48:44.299881,quantity,-10,,INVALID
21362,2026-09-09 09:48:44.300857,quantity,,16,CALCULATED
21363,2026-09-09 09:48:44.305325,date,2025-09-02,2025-09-02,OUTLIER
21388,2026-09-09 09:48:44.427871,quantity,-9,,INVALID
21388,2026-09-09 09:48:44.429176,quantity,,90,CALCULATED
21404,2026-09-09 09:48:44.500965,unit_price_rial,,,MISSING
21404,2026-09-09 09:48:44.502007,unit_price_rial,,580000,CALCULATED
21415,2026-09-09 09:48:44.548089,date,2025-09-08,2025-09-08,OUTLIER
21447,2026-09-09 09:48:44.692010,date,2025-08-25,2025-08-25,OUTLIER
21470,2026-09-09 09:48:44.797614,date,2025/12/30,2025-12-30,TYPE_FIXED
21473,2026-09-09 09:48:44.810733,date,2025-08-24,2025-08-24,OUTLIER
21479,2026-09-09 09:48:44.837019,date,2025/11/04,2025-11-04,TYPE_FIXED
21484,2026-09-09 09:48:44.858368,date,2026/02/27,2026-02-27,TYPE_FIXED
21513,2026-09-09 09:48:44.989266,date,2025-08-25,2025-08-25,OUTLIER
21519,2026-09-09 09:48:45.016056,date,2025-08-25,2025-08-25,OUTLIER
21542,2026-09-09 09:48:45.116617,date,2025-09-08,2025-09-08,OUTLIER
21632,2026-09-09 09:48:45.520950,date,2025-08-26,2025-08-26,OUTLIER
21633,2026-09-09 09:48:45.526471,product_id,P999,P999,INVALID
21672,2026-09-09 09:48:45.695378,date,2025-08-30,2025-08-30,OUTLIER
21682,2026-09-09 09:48:45.739619,date,2025-09-05,2025-09-05,OUTLIER
21687,2026-09-09 09:48:45.763197,date,2025-08-25,2025-08-25,OUTLIER
21692,2026-09-09 09:48:45.784323,date,2025-08-29,2025-08-29,OUTLIER
21709,2026-09-09 09:48:45.858170,product_id,P999,P999,INVALID
21716,2026-09-09 09:48:45.890866,date,2025-08-28,2025-08-28,OUTLIER
21725,2026-09-09 09:48:45.932737,date,2025-08-27,2025-08-27,OUTLIER
21745,2026-09-09 09:48:46.020637,product_id,P999,P999,INVALID
21781,2026-09-09 09:48:46.178047,date,2025-09-04,2025-09-04,OUTLIER
21823,2026-09-09 09:48:46.374312,quantity,-7,,INVALID
21823,2026-09-09 09:48:46.375271,quantity,,67,CALCULATED
21854,2026-09-09 09:48:46.540685,date,2025-09-08,2025-09-08,OUTLIER
21860,2026-09-09 09:48:46.569834,distribution_id,,,UNKNOWN
21931,2026-09-09 09:48:46.912583,date,2025-08-27,2025-08-27,OUTLIER
21972,2026-09-09 09:48:47.109829,date,2025-08-24,2025-08-24,OUTLIER
21973,2026-09-09 09:48:47.114746,date,2025-09-02,2025-09-02,OUTLIER
22008,2026-09-09 09:48:47.269864,total_price_rial,"18,565,800",18565800,TYPE_FIXED
22033,2026-09-09 09:48:47.387847,date,2025-08-25,2025-08-25,OUTLIER
22083,2026-09-09 09:48:47.619842,date,2025-09-04,2025-09-04,OUTLIER
22091,2026-09-09 09:48:47.656564,distribution_id,,,UNKNOWN
22103,2026-09-09 09:48:47.712186,date,2025-08-31,2025-08-31,OUTLIER
22135,2026-09-09 09:48:47.851934,date,2025-08-25,2025-08-25,OUTLIER
22156,2026-09-09 09:48:47.944483,sale_id,22156,22156,DUPLICATE
22169,2026-09-09 09:48:47.997399,date,2026/02/15,2026-02-15,TYPE_FIXED
22177,2026-09-09 09:48:48.033055,date,2025-08-28,2025-08-28,OUTLIER
22184,2026-09-09 09:48:48.065802,date,2025-08-31,2025-08-31,OUTLIER
22190,2026-09-09 09:48:48.093744,date,2025-08-25,2025-08-25,OUTLIER
22211,2026-09-09 09:48:48.188036,date,2025-08-25,2025-08-25,OUTLIER
22213,2026-09-09 09:48:48.198899,quantity,-2,,INVALID
22213,2026-09-09 09:48:48.200187,quantity,,88,CALCULATED
22249,2026-09-09 09:48:48.375240,date,2025-08-26,2025-08-26,OUTLIER
22254,2026-09-09 09:48:48.401125,date,2026/07/22,2026-07-22,TYPE_FIXED
22261,2026-09-09 09:48:48.431908,date,2025-09-03,2025-09-03,OUTLIER
22283,2026-09-09 09:48:48.529665,product_id,P999,P999,INVALID
22298,2026-09-09 09:48:48.597251,unit_price_rial,,,MISSING
22298,2026-09-09 09:48:48.598902,unit_price_rial,,610000,CALCULATED
22319,2026-09-09 09:48:48.713865,total_price_rial,"64,837,500",64837500,TYPE_FIXED
22331,2026-09-09 09:48:48.766254,date,2025-08-28,2025-08-28,OUTLIER
22341,2026-09-09 09:48:48.810740,date,2025-08-27,2025-08-27,OUTLIER
22343,2026-09-09 09:48:48.821953,date,2025-08-26,2025-08-26,OUTLIER
22391,2026-09-09 09:48:49.043408,date,2025-08-26,2025-08-26,OUTLIER
22412,2026-09-09 09:48:49.136364,date,2025-09-06,2025-09-06,OUTLIER
22418,2026-09-09 09:48:49.168022,sale_id,22418,22418,DUPLICATE
22437,2026-09-09 09:48:49.244881,date,2025-08-28,2025-08-28,OUTLIER
22453,2026-09-09 09:48:49.314698,date,2025-08-30,2025-08-30,OUTLIER
22462,2026-09-09 09:48:49.358054,date,2025-08-30,2025-08-30,OUTLIER
22467,2026-09-09 09:48:49.380860,date,2025-09-02,2025-09-02,OUTLIER
22485,2026-09-09 09:48:49.462579,date,2025-09-01,2025-09-01,OUTLIER
22500,2026-09-09 09:48:49.527218,date,2025-08-29,2025-08-29,OUTLIER
22502,2026-09-09 09:48:49.537863,date,2025-09-06,2025-09-06,OUTLIER
22511,2026-09-09 09:48:49.577862,date,2025-08-29,2025-08-29,OUTLIER
22519,2026-09-09 09:48:49.617530,date,2025-08-27,2025-08-27,OUTLIER
22569,2026-09-09 09:48:49.847411,date,2025-08-26,2025-08-26,OUTLIER
22570,2026-09-09 09:48:49.853518,date,2025-09-06,2025-09-06,OUTLIER
22610,2026-09-09 09:48:50.050259,sale_id,22610,22610,DUPLICATE
22613,2026-09-09 09:48:50.061401,date,2025-09-05,2025-09-05,OUTLIER
22657,2026-09-09 09:48:50.263393,date,2025-09-06,2025-09-06,OUTLIER
22677,2026-09-09 09:48:50.350692,date,2025-09-07,2025-09-07,OUTLIER
22679,2026-09-09 09:48:50.360241,date,2025-09-04,2025-09-04,OUTLIER
22705,2026-09-09 09:48:50.472960,date,2025-09-08,2025-09-08,OUTLIER
22714,2026-09-09 09:48:50.516854,date,2025-08-31,2025-08-31,OUTLIER
22715,2026-09-09 09:48:50.523417,unit_price_rial,,,MISSING
22715,2026-09-09 09:48:50.525206,unit_price_rial,,590000,CALCULATED
22716,2026-09-09 09:48:50.530270,date,2025-08-26,2025-08-26,OUTLIER
22728,2026-09-09 09:48:50.581619,date,2025-08-24,2025-08-24,OUTLIER
22746,2026-09-09 09:48:50.664455,sale_id,22746,22746,DUPLICATE
22754,2026-09-09 09:48:50.695681,date,2025-08-27,2025-08-27,OUTLIER
22785,2026-09-09 09:48:50.832586,date,2025-09-02,2025-09-02,OUTLIER
22802,2026-09-09 09:48:50.928416,date,2025-08-31,2025-08-31,OUTLIER
22803,2026-09-09 09:48:50.938384,sale_id,22803,22803,DUPLICATE
22806,2026-09-09 09:48:50.947361,date,2025-09-07,2025-09-07,OUTLIER
22818,2026-09-09 09:48:51.002064,date,2025-09-04,2025-09-04,OUTLIER
22823,2026-09-09 09:48:51.027292,date,2025-08-28,2025-08-28,OUTLIER
22825,2026-09-09 09:48:51.036655,date,2025-09-06,2025-09-06,OUTLIER
22827,2026-09-09 09:48:51.047567,date,2025-08-31,2025-08-31,OUTLIER
22852,2026-09-09 09:48:51.158484,date,2025-09-01,2025-09-01,OUTLIER
22853,2026-09-09 09:48:51.163148,date,2025-08-24,2025-08-24,OUTLIER
22882,2026-09-09 09:48:51.330456,sale_id,22882,22882,DUPLICATE
22902,2026-09-09 09:48:51.423910,date,2025-09-01,2025-09-01,OUTLIER
22910,2026-09-09 09:48:51.464734,product_id,P999,P999,INVALID
22915,2026-09-09 09:48:51.489571,quantity,-8,,INVALID
22915,2026-09-09 09:48:51.490760,quantity,,4,CALCULATED
22925,2026-09-09 09:48:51.536147,date,2025-09-05,2025-09-05,OUTLIER
22927,2026-09-09 09:48:51.546533,date,2025-08-25,2025-08-25,OUTLIER
22967,2026-09-09 09:48:51.734592,date,2025-09-06,2025-09-06,OUTLIER
22996,2026-09-09 09:48:51.865351,date,2025-08-25,2025-08-25,OUTLIER
22997,2026-09-09 09:48:51.871335,product_id,P999,P999,INVALID
23002,2026-09-09 09:48:51.894263,date,2025-08-27,2025-08-27,OUTLIER
23030,2026-09-09 09:48:52.030526,date,2025-08-26,2025-08-26,OUTLIER
23063,2026-09-09 09:48:52.186833,date,2026/08/05,2026-08-05,TYPE_FIXED
23074,2026-09-09 09:48:52.237127,date,2025-08-30,2025-08-30,OUTLIER
23094,2026-09-09 09:48:52.330497,total_price_rial,"40,356,000",40356000,TYPE_FIXED
23116,2026-09-09 09:48:52.433655,date,2026/01/01,2026-01-01,TYPE_FIXED
23122,2026-09-09 09:48:52.464256,total_price_rial,"14,268,800",14268800,TYPE_FIXED
23135,2026-09-09 09:48:52.520584,date,2025-09-02,2025-09-02,OUTLIER
23148,2026-09-09 09:48:52.585060,date,2025-08-26,2025-08-26,OUTLIER
23179,2026-09-09 09:48:52.727952,date,2025-08-24,2025-08-24,OUTLIER
23206,2026-09-09 09:48:52.852354,distribution_id,,,UNKNOWN
23221,2026-09-09 09:48:52.927982,date,2025-08-31,2025-08-31,OUTLIER
23226,2026-09-09 09:48:52.954945,distribution_id,,,UNKNOWN
23246,2026-09-09 09:48:53.051411,date,2025-08-28,2025-08-28,OUTLIER
23253,2026-09-09 09:48:53.084946,date,2025-08-31,2025-08-31,OUTLIER
23267,2026-09-09 09:48:53.170630,distribution_id,,,UNKNOWN
23281,2026-09-09 09:48:53.231325,distribution_id,,,UNKNOWN
23301,2026-09-09 09:48:53.317507,date,2026/01/04,2026-01-04,TYPE_FIXED
23325,2026-09-09 09:48:53.424518,total_price_rial,"47,467,200",47467200,TYPE_FIXED
23347,2026-09-09 09:48:53.540375,distribution_id,,,UNKNOWN
23348,2026-09-09 09:48:53.546110,product_id,P999,P999,INVALID
23370,2026-09-09 09:48:53.649426,date,2025-08-29,2025-08-29,OUTLIER
23380,2026-09-09 09:48:53.697862,date,2025-09-05,2025-09-05,OUTLIER
23398,2026-09-09 09:48:53.783353,date,2025-08-29,2025-08-29,OUTLIER
23399,2026-09-09 09:48:53.788328,date,2025-09-01,2025-09-01,OUTLIER
23413,2026-09-09 09:48:53.856431,date,2025-09-08,2025-09-08,OUTLIER
23414,2026-09-09 09:48:53.862555,date,2025-09-06,2025-09-06,OUTLIER
23434,2026-09-09 09:48:53.967376,unit_price_rial,,,MISSING
23434,2026-09-09 09:48:53.969463,unit_price_rial,,620000,CALCULATED
23441,2026-09-09 09:48:54.005874,date,2025-08-29,2025-08-29,OUTLIER
23463,2026-09-09 09:48:54.119732,date,2025-08-26,2025-08-26,OUTLIER
23482,2026-09-09 09:48:54.221970,date,2025-09-03,2025-09-03,OUTLIER
23503,2026-09-09 09:48:54.334587,date,2025-08-28,2025-08-28,OUTLIER
23525,2026-09-09 09:48:54.459560,date,2025-08-30,2025-08-30,OUTLIER
23528,2026-09-09 09:48:54.477760,date,2025-09-08,2025-09-08,OUTLIER
23532,2026-09-09 09:48:54.499508,product_id,P999,P999,INVALID
23539,2026-09-09 09:48:54.537629,date,2025-09-02,2025-09-02,OUTLIER
23572,2026-09-09 09:48:54.709284,date,2025-09-03,2025-09-03,OUTLIER
23573,2026-09-09 09:48:54.715724,product_id,P999,P999,INVALID
23590,2026-09-09 09:48:54.799663,date,2025-08-30,2025-08-30,OUTLIER
23595,2026-09-09 09:48:54.826681,date,2025-08-28,2025-08-28,OUTLIER
23598,2026-09-09 09:48:54.842572,date,2025-08-31,2025-08-31,OUTLIER
23627,2026-09-09 09:48:54.988179,distribution_id,,,UNKNOWN
23633,2026-09-09 09:48:55.018059,date,2025-08-28,2025-08-28,OUTLIER
23640,2026-09-09 09:48:55.054547,date,2025-09-03,2025-09-03,OUTLIER
23643,2026-09-09 09:48:55.070073,date,2025-08-31,2025-08-31,OUTLIER
23648,2026-09-09 09:48:55.096358,date,2025-08-29,2025-08-29,OUTLIER
23675,2026-09-09 09:48:55.234132,date,2025-09-02,2025-09-02,OUTLIER
23680,2026-09-09 09:48:55.260356,distribution_id,,,UNKNOWN
23714,2026-09-09 09:48:55.451959,total_price_rial,138966000,138966000,INCONSISTENT
23739,2026-09-09 09:48:55.570453,date,2025-08-29,2025-08-29,OUTLIER
23746,2026-09-09 09:48:55.607246,date,2025-08-27,2025-08-27,OUTLIER
23749,2026-09-09 09:48:55.622878,date,2025-09-03,2025-09-03,OUTLIER
23786,2026-09-09 09:48:55.799403,date,2025-08-25,2025-08-25,OUTLIER
23802,2026-09-09 09:48:55.874185,date,2025-08-24,2025-08-24,OUTLIER
23807,2026-09-09 09:48:55.897653,distribution_id,,,UNKNOWN
23834,2026-09-09 09:48:56.030069,date,2026/01/18,2026-01-18,TYPE_FIXED
23842,2026-09-09 09:48:56.071228,date,2025-08-25,2025-08-25,OUTLIER
23849,2026-09-09 09:48:56.106258,date,2025-08-28,2025-08-28,OUTLIER
23852,2026-09-09 09:48:56.120160,date,2025-08-24,2025-08-24,OUTLIER
23854,2026-09-09 09:48:56.132126,date,2025-08-26,2025-08-26,OUTLIER
23861,2026-09-09 09:48:56.165966,date,2025-08-28,2025-08-28,OUTLIER
23869,2026-09-09 09:48:56.203187,date,2025-08-25,2025-08-25,OUTLIER
23869,2026-09-09 09:48:56.204801,total_price_rial,"46,512,000",46512000,TYPE_FIXED
23877,2026-09-09 09:48:56.240122,distribution_id,,,UNKNOWN
23886,2026-09-09 09:48:56.282751,date,2025-08-31,2025-08-31,OUTLIER
23891,2026-09-09 09:48:56.306704,date,2025-09-08,2025-09-08,OUTLIER
23904,2026-09-09 09:48:56.362633,date,2025-08-30,2025-08-30,OUTLIER
23909,2026-09-09 09:48:56.386947,date,2025-09-08,2025-09-08,OUTLIER
23913,2026-09-09 09:48:56.403252,distribution_id,,,UNKNOWN
23915,2026-09-09 09:48:56.412888,unit_price_rial,,,MISSING
23915,2026-09-09 09:48:56.413905,unit_price_rial,,720000,CALCULATED
23916,2026-09-09 09:48:56.419432,unit_price_rial,,,MISSING
23916,2026-09-09 09:48:56.420701,unit_price_rial,,520000,CALCULATED
23917,2026-09-09 09:48:56.424597,date,2025-08-27,2025-08-27,OUTLIER
23924,2026-09-09 09:48:56.463187,sale_id,23924,23924,DUPLICATE
23933,2026-09-09 09:48:56.500815,quantity,-1,,INVALID
23933,2026-09-09 09:48:56.502442,quantity,,45,CALCULATED
23947,2026-09-09 09:48:56.567561,date,2025-08-24,2025-08-24,OUTLIER
23969,2026-09-09 09:48:56.672760,date,2025-08-31,2025-08-31,OUTLIER
23978,2026-09-09 09:48:56.716701,date,2025-09-07,2025-09-07,OUTLIER
23995,2026-09-09 09:48:56.794384,date,2025-08-25,2025-08-25,OUTLIER
24004,2026-09-09 09:48:56.834190,date,2025/11/18,2025-11-18,TYPE_FIXED
24013,2026-09-09 09:48:56.876524,total_price_rial,"114,912,000",114912000,TYPE_FIXED
24027,2026-09-09 09:48:56.941067,date,2026/05/09,2026-05-09,TYPE_FIXED
24071,2026-09-09 09:48:57.141429,date,2025-09-03,2025-09-03,OUTLIER
24081,2026-09-09 09:48:57.196533,total_price_rial,"23,100,000",23100000,TYPE_FIXED
24084,2026-09-09 09:48:57.221516,date,2025-09-03,2025-09-03,OUTLIER
24091,2026-09-09 09:48:57.288413,date,2025-08-26,2025-08-26,OUTLIER
24103,2026-09-09 09:48:57.364912,date,2025-08-27,2025-08-27,OUTLIER
24106,2026-09-09 09:48:57.382138,quantity,-6,,INVALID
24106,2026-09-09 09:48:57.383618,quantity,,20,CALCULATED
24113,2026-09-09 09:48:57.421771,date,2025-08-27,2025-08-27,OUTLIER
24153,2026-09-09 09:48:57.624789,total_price_rial,82212000,82212000,INCONSISTENT
24154,2026-09-09 09:48:57.629412,date,2025-08-24,2025-08-24,OUTLIER
24178,2026-09-09 09:48:57.766818,date,2025/10/25,2025-10-25,TYPE_FIXED
24200,2026-09-09 09:48:57.872499,date,2025-08-28,2025-08-28,OUTLIER
24213,2026-09-09 09:48:57.934204,quantity,-9,,INVALID
24213,2026-09-09 09:48:57.935726,quantity,,135,CALCULATED
24234,2026-09-09 09:48:58.037132,distribution_id,,,UNKNOWN
24237,2026-09-09 09:48:58.053383,date,2025-09-03,2025-09-03,OUTLIER
24251,2026-09-09 09:48:58.123922,date,2026/06/10,2026-06-10,TYPE_FIXED
24256,2026-09-09 09:48:58.148834,date,2025-08-26,2025-08-26,OUTLIER
24292,2026-09-09 09:48:58.334796,date,2025-09-05,2025-09-05,OUTLIER
24308,2026-09-09 09:48:58.413953,date,2025-09-01,2025-09-01,OUTLIER
24326,2026-09-09 09:48:58.506556,date,2025-09-04,2025-09-04,OUTLIER
24327,2026-09-09 09:48:58.512521,date,2025-09-08,2025-09-08,OUTLIER
24344,2026-09-09 09:48:58.605854,date,2025-08-30,2025-08-30,OUTLIER
24346,2026-09-09 09:48:58.616411,date,2025-09-07,2025-09-07,OUTLIER
24347,2026-09-09 09:48:58.622068,date,2025-09-04,2025-09-04,OUTLIER
24348,2026-09-09 09:48:58.627433,date,2025-08-24,2025-08-24,OUTLIER
24354,2026-09-09 09:48:58.656332,date,2025-09-04,2025-09-04,OUTLIER
24389,2026-09-09 09:48:58.834726,quantity,-9,,INVALID
24389,2026-09-09 09:48:58.835722,quantity,,93,CALCULATED
24404,2026-09-09 09:48:58.904128,date,2025-08-26,2025-08-26,OUTLIER
24423,2026-09-09 09:48:58.994470,date,2025-08-29,2025-08-29,OUTLIER
24427,2026-09-09 09:48:59.016742,date,2025-08-25,2025-08-25,OUTLIER
24452,2026-09-09 09:48:59.144576,date,2025-08-26,2025-08-26,OUTLIER
24457,2026-09-09 09:48:59.170805,date,2025-08-31,2025-08-31,OUTLIER
24481,2026-09-09 09:48:59.290676,quantity,-5,,INVALID
24481,2026-09-09 09:48:59.292188,quantity,,51,CALCULATED
24489,2026-09-09 09:48:59.332508,date,2025-09-03,2025-09-03,OUTLIER
24491,2026-09-09 09:48:59.342379,date,2025-08-25,2025-08-25,OUTLIER
24494,2026-09-09 09:48:59.358015,distribution_id,,,UNKNOWN
24501,2026-09-09 09:48:59.399386,sale_id,24501,24501,DUPLICATE
24516,2026-09-09 09:48:59.467050,date,2025-08-26,2025-08-26,OUTLIER
24518,2026-09-09 09:48:59.478092,date,2025-08-25,2025-08-25,OUTLIER
24522,2026-09-09 09:48:59.498970,date,2025-08-28,2025-08-28,OUTLIER
24559,2026-09-09 09:48:59.682550,distribution_id,,,UNKNOWN
24562,2026-09-09 09:48:59.698482,distribution_id,,,UNKNOWN
24625,2026-09-09 09:49:00.003351,quantity,-2,,INVALID
24625,2026-09-09 09:49:00.004351,quantity,,39,CALCULATED
24655,2026-09-09 09:49:00.169066,date,2025-08-27,2025-08-27,OUTLIER
24667,2026-09-09 09:49:00.228550,date,2025-08-30,2025-08-30,OUTLIER
24669,2026-09-09 09:49:00.240927,date,2025-08-28,2025-08-28,OUTLIER
24679,2026-09-09 09:49:00.291533,date,2025-09-03,2025-09-03,OUTLIER
24680,2026-09-09 09:49:00.296922,date,2025-09-06,2025-09-06,OUTLIER
24686,2026-09-09 09:49:00.327709,date,2025-09-01,2025-09-01,OUTLIER
24713,2026-09-09 09:49:00.469376,date,2025-09-08,2025-09-08,OUTLIER
24720,2026-09-09 09:49:00.509865,date,2025-09-04,2025-09-04,OUTLIER
24766,2026-09-09 09:49:00.751808,date,2025-09-01,2025-09-01,OUTLIER
24778,2026-09-09 09:49:00.812706,date,2025-09-03,2025-09-03,OUTLIER
24794,2026-09-09 09:49:00.892799,unit_price_rial,,,MISSING
24794,2026-09-09 09:49:00.893862,unit_price_rial,,610000,CALCULATED
24795,2026-09-09 09:49:00.898114,date,2025-08-31,2025-08-31,OUTLIER
24839,2026-09-09 09:49:01.121214,distribution_id,,,UNKNOWN
24854,2026-09-09 09:49:01.195891,total_price_rial,22579200,22579200,INCONSISTENT
24863,2026-09-09 09:49:01.238133,date,2025-09-06,2025-09-06,OUTLIER
24881,2026-09-09 09:49:01.329365,date,2025-08-27,2025-08-27,OUTLIER
24906,2026-09-09 09:49:01.456609,date,2025-08-28,2025-08-28,OUTLIER
24906,2026-09-09 09:49:01.458153,unit_price_rial,,,MISSING
24906,2026-09-09 09:49:01.458989,unit_price_rial,,580000,CALCULATED
24907,2026-09-09 09:49:01.463779,date,2025-09-03,2025-09-03,OUTLIER
24916,2026-09-09 09:49:01.506885,date,2025-09-08,2025-09-08,OUTLIER
24942,2026-09-09 09:49:01.637743,date,2026/02/11,2026-02-11,TYPE_FIXED
24949,2026-09-09 09:49:01.674503,date,2025-08-31,2025-08-31,OUTLIER
24981,2026-09-09 09:49:01.834557,date,2025-09-06,2025-09-06,OUTLIER
25025,2026-09-09 09:49:02.057635,unit_price_rial,,,MISSING
25025,2026-09-09 09:49:02.059145,unit_price_rial,,1850000,CALCULATED
25063,2026-09-09 09:49:02.254613,date,2025-08-30,2025-08-30,OUTLIER
25084,2026-09-09 09:49:02.379303,quantity,-10,,INVALID
25084,2026-09-09 09:49:02.380889,quantity,,112,CALCULATED
25089,2026-09-09 09:49:02.409284,date,2026/02/05,2026-02-05,TYPE_FIXED
25134,2026-09-09 09:49:02.638698,date,2025-08-27,2025-08-27,OUTLIER
25139,2026-09-09 09:49:02.663491,date,2025-09-08,2025-09-08,OUTLIER
25149,2026-09-09 09:49:02.713587,date,2025-09-01,2025-09-01,OUTLIER
25181,2026-09-09 09:49:02.879028,distribution_id,,,UNKNOWN
25205,2026-09-09 09:49:02.998648,distribution_id,,,UNKNOWN
25224,2026-09-09 09:49:03.094148,date,2026/01/20,2026-01-20,TYPE_FIXED
25230,2026-09-09 09:49:03.123478,date,2025-08-25,2025-08-25,OUTLIER
25243,2026-09-09 09:49:03.187881,date,2025-09-04,2025-09-04,OUTLIER
25266,2026-09-09 09:49:03.301266,date,2025-08-29,2025-08-29,OUTLIER
25269,2026-09-09 09:49:03.318141,date,2025-09-02,2025-09-02,OUTLIER
25296,2026-09-09 09:49:03.455597,date,2025-09-02,2025-09-02,OUTLIER
25308,2026-09-09 09:49:03.527200,distribution_id,,,UNKNOWN
25329,2026-09-09 09:49:03.647041,date,2025-08-27,2025-08-27,OUTLIER
25351,2026-09-09 09:49:03.762132,date,2025-08-24,2025-08-24,OUTLIER
25363,2026-09-09 09:49:03.824680,date,2025-09-01,2025-09-01,OUTLIER
25429,2026-09-09 09:49:04.151768,date,2025-09-01,2025-09-01,OUTLIER
25443,2026-09-09 09:49:04.221936,date,2025-08-24,2025-08-24,OUTLIER
25462,2026-09-09 09:49:04.318630,distribution_id,,,UNKNOWN
25463,2026-09-09 09:49:04.324399,date,2025-08-28,2025-08-28,OUTLIER
25477,2026-09-09 09:49:04.395882,date,2025-09-02,2025-09-02,OUTLIER
25501,2026-09-09 09:49:04.515609,date,2025-08-28,2025-08-28,OUTLIER
25504,2026-09-09 09:49:04.531691,date,2025-09-04,2025-09-04,OUTLIER
25507,2026-09-09 09:49:04.547195,date,2025-08-27,2025-08-27,OUTLIER
25577,2026-09-09 09:49:04.915863,date,2025-08-26,2025-08-26,OUTLIER
25612,2026-09-09 09:49:05.087590,date,2025-08-31,2025-08-31,OUTLIER
25616,2026-09-09 09:49:05.106836,date,2025-08-26,2025-08-26,OUTLIER
25634,2026-09-09 09:49:05.222607,total_price_rial,"58,800,000",58800000,TYPE_FIXED
25636,2026-09-09 09:49:05.233194,date,2025-08-25,2025-08-25,OUTLIER
25641,2026-09-09 09:49:05.261284,date,2025-09-05,2025-09-05,OUTLIER
25661,2026-09-09 09:49:05.363712,date,2026/02/14,2026-02-14,TYPE_FIXED
25683,2026-09-09 09:49:05.474934,date,2025-08-27,2025-08-27,OUTLIER
25691,2026-09-09 09:49:05.515852,date,2026/01/20,2026-01-20,TYPE_FIXED
25717,2026-09-09 09:49:05.643050,date,2025-09-05,2025-09-05,OUTLIER
25729,2026-09-09 09:49:05.705330,total_price_rial,"28,350,400",28350400,TYPE_FIXED
25733,2026-09-09 09:49:05.728487,date,2025-08-24,2025-08-24,OUTLIER
25751,2026-09-09 09:49:05.825906,date,2025-08-24,2025-08-24,OUTLIER
25785,2026-09-09 09:49:05.998644,date,2025-08-27,2025-08-27,OUTLIER
25806,2026-09-09 09:49:06.107786,date,2025-09-05,2025-09-05,OUTLIER
25841,2026-09-09 09:49:06.279642,date,2025-09-04,2025-09-04,OUTLIER
25847,2026-09-09 09:49:06.308793,date,2025-08-26,2025-08-26,OUTLIER
25853,2026-09-09 09:49:06.342391,sale_id,25853,25853,DUPLICATE
25862,2026-09-09 09:49:06.380390,date,2025-09-04,2025-09-04,OUTLIER
25871,2026-09-09 09:49:06.424129,quantity,-6,,INVALID
25871,2026-09-09 09:49:06.425758,quantity,,15,CALCULATED
25890,2026-09-09 09:49:06.521949,date,2025-09-02,2025-09-02,OUTLIER
25892,2026-09-09 09:49:06.532902,date,2025-09-02,2025-09-02,OUTLIER
25903,2026-09-09 09:49:06.598255,total_price_rial,12180000,12180000,INCONSISTENT
25940,2026-09-09 09:49:06.793124,total_price_rial,"21,250,000",21250000,TYPE_FIXED
25941,2026-09-09 09:49:06.798067,date,2025-08-27,2025-08-27,OUTLIER
25943,2026-09-09 09:49:06.822781,date,2025-09-01,2025-09-01,OUTLIER
25949,2026-09-09 09:49:06.863474,date,2025-08-27,2025-08-27,OUTLIER
25956,2026-09-09 09:49:06.901123,date,2025-09-06,2025-09-06,OUTLIER
25957,2026-09-09 09:49:06.907585,date,2025-08-24,2025-08-24,OUTLIER
25985,2026-09-09 09:49:07.055065,sale_id,25985,25985,DUPLICATE
25989,2026-09-09 09:49:07.073218,product_id,P999,P999,INVALID
26038,2026-09-09 09:49:07.326006,date,2025-09-05,2025-09-05,OUTLIER
26082,2026-09-09 09:49:07.565157,date,2025-09-03,2025-09-03,OUTLIER
26092,2026-09-09 09:49:07.619736,unit_price_rial,,,MISSING
26092,2026-09-09 09:49:07.620879,unit_price_rial,,1350000,CALCULATED
26106,2026-09-09 09:49:07.694574,distribution_id,,,UNKNOWN
26164,2026-09-09 09:49:07.993217,date,2025-08-31,2025-08-31,OUTLIER
26173,2026-09-09 09:49:08.037617,date,2026/02/28,2026-02-28,TYPE_FIXED
26176,2026-09-09 09:49:08.054273,date,2025-08-27,2025-08-27,OUTLIER
26191,2026-09-09 09:49:08.134662,total_price_rial,"13,269,600",13269600,TYPE_FIXED
26218,2026-09-09 09:49:08.279964,date,2025-09-01,2025-09-01,OUTLIER
26220,2026-09-09 09:49:08.290464,date,2025-08-31,2025-08-31,OUTLIER
26220,2026-09-09 09:49:08.296321,sale_id,26220,26220,DUPLICATE
26220,2026-09-09 09:49:08.297422,date,2025-08-31,2025-08-31,OUTLIER
26255,2026-09-09 09:49:08.469039,date,2025-08-30,2025-08-30,OUTLIER
26256,2026-09-09 09:49:08.476784,quantity,-9,,INVALID
26256,2026-09-09 09:49:08.477863,quantity,,72,CALCULATED
26328,2026-09-09 09:49:08.845068,date,2025-09-02,2025-09-02,OUTLIER
26345,2026-09-09 09:49:08.933220,date,2025-08-25,2025-08-25,OUTLIER
26364,2026-09-09 09:49:09.042546,date,2025-08-30,2025-08-30,OUTLIER
26403,2026-09-09 09:49:09.253971,distribution_id,,,UNKNOWN
26404,2026-09-09 09:49:09.258803,date,2025-08-27,2025-08-27,OUTLIER
26407,2026-09-09 09:49:09.274294,date,2025-09-02,2025-09-02,OUTLIER
26454,2026-09-09 09:49:09.518945,date,2025-09-01,2025-09-01,OUTLIER
26463,2026-09-09 09:49:09.569670,date,2025-08-27,2025-08-27,OUTLIER
26485,2026-09-09 09:49:09.682056,total_price_rial,"59,412,500",59412500,TYPE_FIXED
26494,2026-09-09 09:49:09.733902,distribution_id,,,UNKNOWN
26511,2026-09-09 09:49:09.821976,unit_price_rial,,,MISSING
26511,2026-09-09 09:49:09.823004,unit_price_rial,,720000,CALCULATED
26522,2026-09-09 09:49:09.889675,sale_id,26522,26522,DUPLICATE
26533,2026-09-09 09:49:09.940742,date,2025-09-08,2025-09-08,OUTLIER
26541,2026-09-09 09:49:09.981673,date,2025-09-05,2025-09-05,OUTLIER
26554,2026-09-09 09:49:10.046429,date,2025-08-28,2025-08-28,OUTLIER
26564,2026-09-09 09:49:10.097624,date,2025-08-29,2025-08-29,OUTLIER
26572,2026-09-09 09:49:10.138678,date,2025-09-05,2025-09-05,OUTLIER
26585,2026-09-09 09:49:10.203362,distribution_id,,,UNKNOWN
26595,2026-09-09 09:49:10.254945,distribution_id,,,UNKNOWN
26603,2026-09-09 09:49:10.295142,date,2025-09-04,2025-09-04,OUTLIER
26631,2026-09-09 09:49:10.434402,date,2025-08-30,2025-08-30,OUTLIER
26640,2026-09-09 09:49:10.480832,date,2025-08-30,2025-08-30,OUTLIER
26660,2026-09-09 09:49:10.581273,date,2025-08-30,2025-08-30,OUTLIER
26684,2026-09-09 09:49:10.702211,date,2025/10/13,2025-10-13,TYPE_FIXED
26687,2026-09-09 09:49:10.718302,date,2025-09-02,2025-09-02,OUTLIER
26696,2026-09-09 09:49:10.764061,date,2025-08-31,2025-08-31,OUTLIER
26716,2026-09-09 09:49:10.873012,product_id,P999,P999,INVALID
26717,2026-09-09 09:49:10.878625,date,2025/09/19,2025-09-19,TYPE_FIXED
26722,2026-09-09 09:49:10.904800,date,2025-08-31,2025-08-31,OUTLIER
26727,2026-09-09 09:49:10.929869,date,2025-09-05,2025-09-05,OUTLIER
26728,2026-09-09 09:49:10.936493,date,2025-09-04,2025-09-04,OUTLIER
26763,2026-09-09 09:49:11.116707,date,2025-09-01,2025-09-01,OUTLIER
26782,2026-09-09 09:49:11.232842,date,2026/07/07,2026-07-07,TYPE_FIXED
26790,2026-09-09 09:49:11.281737,date,2025-09-03,2025-09-03,OUTLIER
26794,2026-09-09 09:49:11.308314,date,2025-08-24,2025-08-24,OUTLIER
26816,2026-09-09 09:49:11.429168,date,2025-08-30,2025-08-30,OUTLIER
26839,2026-09-09 09:49:11.551553,product_id,P999,P999,INVALID
26846,2026-09-09 09:49:11.588263,date,2025-08-26,2025-08-26,OUTLIER
26860,2026-09-09 09:49:11.661237,date,2025-08-29,2025-08-29,OUTLIER
26866,2026-09-09 09:49:11.693465,date,2025-08-30,2025-08-30,OUTLIER
26872,2026-09-09 09:49:11.723627,date,2025-09-01,2025-09-01,OUTLIER
26889,2026-09-09 09:49:11.809482,date,2025-09-06,2025-09-06,OUTLIER
26891,2026-09-09 09:49:11.819465,date,2025-09-05,2025-09-05,OUTLIER
26909,2026-09-09 09:49:11.911353,quantity,-1,,INVALID
26909,2026-09-09 09:49:11.912811,quantity,,124,CALCULATED
26919,2026-09-09 09:49:11.964978,date,2025-08-26,2025-08-26,OUTLIER
26921,2026-09-09 09:49:11.976186,product_id,P999,P999,INVALID
26933,2026-09-09 09:49:12.036808,product_id,P999,P999,INVALID
26950,2026-09-09 09:49:12.130293,sale_id,26950,26950,DUPLICATE
26992,2026-09-09 09:49:12.355553,date,2025-08-27,2025-08-27,OUTLIER
27008,2026-09-09 09:49:12.439732,product_id,P999,P999,INVALID
27009,2026-09-09 09:49:12.445406,date,2025-08-30,2025-08-30,OUTLIER
27051,2026-09-09 09:49:12.659994,date,2025-08-31,2025-08-31,OUTLIER
27102,2026-09-09 09:49:12.928854,date,2025-09-04,2025-09-04,OUTLIER
27110,2026-09-09 09:49:12.970936,product_id,P999,P999,INVALID
27113,2026-09-09 09:49:12.987442,date,2025-08-31,2025-08-31,OUTLIER
27119,2026-09-09 09:49:13.019598,date,2025-09-01,2025-09-01,OUTLIER
27125,2026-09-09 09:49:13.051038,distribution_id,,,UNKNOWN
27130,2026-09-09 09:49:13.076132,date,2025-08-24,2025-08-24,OUTLIER
27136,2026-09-09 09:49:13.109243,distribution_id,,,UNKNOWN
27140,2026-09-09 09:49:13.130343,date,2025-09-08,2025-09-08,OUTLIER
27150,2026-09-09 09:49:13.183148,date,2025-09-07,2025-09-07,OUTLIER
27170,2026-09-09 09:49:13.284994,date,2025-09-06,2025-09-06,OUTLIER
27176,2026-09-09 09:49:13.315224,date,2025-08-30,2025-08-30,OUTLIER
27191,2026-09-09 09:49:13.389635,date,2025-09-05,2025-09-05,OUTLIER
27205,2026-09-09 09:49:13.492039,date,2025-09-01,2025-09-01,OUTLIER
27234,2026-09-09 09:49:13.656769,date,2025-08-24,2025-08-24,OUTLIER
27258,2026-09-09 09:49:13.787577,date,2025-08-28,2025-08-28,OUTLIER
27276,2026-09-09 09:49:13.886583,date,2025-08-30,2025-08-30,OUTLIER
27309,2026-09-09 09:49:14.057564,date,2025-09-02,2025-09-02,OUTLIER
27310,2026-09-09 09:49:14.063593,date,2025-09-03,2025-09-03,OUTLIER
27328,2026-09-09 09:49:14.156965,date,2026/06/30,2026-06-30,TYPE_FIXED
27331,2026-09-09 09:49:14.173080,date,2025-08-31,2025-08-31,OUTLIER
27337,2026-09-09 09:49:14.209519,sale_id,27337,27337,DUPLICATE
27343,2026-09-09 09:49:14.235386,date,2025/10/30,2025-10-30,TYPE_FIXED
27382,2026-09-09 09:49:14.437566,distribution_id,,,UNKNOWN
27392,2026-09-09 09:49:14.484494,date,2025-08-30,2025-08-30,OUTLIER
27445,2026-09-09 09:49:14.753252,date,2025-09-01,2025-09-01,OUTLIER
27454,2026-09-09 09:49:14.798731,date,2025-08-24,2025-08-24,OUTLIER
27481,2026-09-09 09:49:14.935104,date,2025-09-07,2025-09-07,OUTLIER
27504,2026-09-09 09:49:15.053102,distribution_id,,,UNKNOWN
27522,2026-09-09 09:49:15.144382,date,2025-09-07,2025-09-07,OUTLIER
27525,2026-09-09 09:49:15.160497,date,2025-09-05,2025-09-05,OUTLIER
27526,2026-09-09 09:49:15.166812,date,2025-09-01,2025-09-01,OUTLIER
27554,2026-09-09 09:49:15.299445,date,2025-09-03,2025-09-03,OUTLIER
27557,2026-09-09 09:49:15.315256,date,2025-09-06,2025-09-06,OUTLIER
27576,2026-09-09 09:49:15.404830,distribution_id,,,UNKNOWN
27589,2026-09-09 09:49:15.469103,date,2025-09-08,2025-09-08,OUTLIER
27590,2026-09-09 09:49:15.474283,date,2025-08-30,2025-08-30,OUTLIER
27594,2026-09-09 09:49:15.496254,date,2025-08-30,2025-08-30,OUTLIER
27607,2026-09-09 09:49:15.559460,date,2025-09-07,2025-09-07,OUTLIER
27608,2026-09-09 09:49:15.564331,date,2025/11/12,2025-11-12,TYPE_FIXED
27609,2026-09-09 09:49:15.569906,date,2025-09-06,2025-09-06,OUTLIER
27637,2026-09-09 09:49:15.722324,date,2025-09-04,2025-09-04,OUTLIER
27730,2026-09-09 09:49:16.178540,date,2025-08-28,2025-08-28,OUTLIER
27738,2026-09-09 09:49:16.220359,date,2025-09-04,2025-09-04,OUTLIER
27746,2026-09-09 09:49:16.261158,date,2026/06/14,2026-06-14,TYPE_FIXED
27760,2026-09-09 09:49:16.335642,sale_id,27760,27760,DUPLICATE
27762,2026-09-09 09:49:16.341118,date,2025-08-26,2025-08-26,OUTLIER
27775,2026-09-09 09:49:16.405893,date,2025-09-05,2025-09-05,OUTLIER
27791,2026-09-09 09:49:16.483846,quantity,-1,,INVALID
27791,2026-09-09 09:49:16.484919,quantity,,104,CALCULATED
27806,2026-09-09 09:49:16.557943,sale_id,27806,27806,DUPLICATE
27821,2026-09-09 09:49:16.626615,date,2025-09-02,2025-09-02,OUTLIER
27825,2026-09-09 09:49:16.646377,date,2025-09-04,2025-09-04,OUTLIER
27841,2026-09-09 09:49:16.726955,date,2026/08/17,2026-08-17,TYPE_FIXED
27871,2026-09-09 09:49:16.885290,date,2025-09-06,2025-09-06,OUTLIER
27879,2026-09-09 09:49:16.927399,date,2025-08-30,2025-08-30,OUTLIER
27897,2026-09-09 09:49:17.018600,date,2025-09-07,2025-09-07,OUTLIER
27929,2026-09-09 09:49:17.182061,product_id,P999,P999,INVALID
27952,2026-09-09 09:49:17.296967,date,2025-09-05,2025-09-05,OUTLIER
27968,2026-09-09 09:49:17.378334,date,2025-09-05,2025-09-05,OUTLIER
27979,2026-09-09 09:49:17.434221,date,2025-08-26,2025-08-26,OUTLIER
27988,2026-09-09 09:49:17.480324,distribution_id,,,UNKNOWN
28004,2026-09-09 09:49:17.560196,distribution_id,,,UNKNOWN
28011,2026-09-09 09:49:17.597455,date,2025-09-04,2025-09-04,OUTLIER
28067,2026-09-09 09:49:17.888205,date,2025-09-06,2025-09-06,OUTLIER
28078,2026-09-09 09:49:17.942117,date,2025-09-02,2025-09-02,OUTLIER
28080,2026-09-09 09:49:17.954215,quantity,-1,,INVALID
28080,2026-09-09 09:49:17.955265,quantity,,121,CALCULATED
28089,2026-09-09 09:49:18.000835,date,2025-09-04,2025-09-04,OUTLIER
28092,2026-09-09 09:49:18.016354,total_price_rial,27360000,27360000,INCONSISTENT
28096,2026-09-09 09:49:18.035466,date,2025-09-05,2025-09-05,OUTLIER
28110,2026-09-09 09:49:18.107676,date,2025-08-29,2025-08-29,OUTLIER
28116,2026-09-09 09:49:18.137891,distribution_id,,,UNKNOWN
28119,2026-09-09 09:49:18.154119,date,2025-09-06,2025-09-06,OUTLIER
28125,2026-09-09 09:49:18.185537,date,2025-09-07,2025-09-07,OUTLIER
28160,2026-09-09 09:49:18.361491,date,2025-08-26,2025-08-26,OUTLIER
28189,2026-09-09 09:49:18.507244,date,2025-09-02,2025-09-02,OUTLIER
28253,2026-09-09 09:49:18.840368,date,2025-09-07,2025-09-07,OUTLIER
28254,2026-09-09 09:49:18.848879,date,2025-08-26,2025-08-26,OUTLIER
28281,2026-09-09 09:49:18.992687,date,2025-08-24,2025-08-24,OUTLIER
28294,2026-09-09 09:49:19.064434,sale_id,28294,28294,DUPLICATE
28298,2026-09-09 09:49:19.080897,date,2025-09-04,2025-09-04,OUTLIER
28303,2026-09-09 09:49:19.112182,sale_id,28303,28303,DUPLICATE
28322,2026-09-09 09:49:19.202532,date,2025-08-28,2025-08-28,OUTLIER
28363,2026-09-09 09:49:19.415645,date,2025-09-03,2025-09-03,OUTLIER
28393,2026-09-09 09:49:19.576921,product_id,P999,P999,INVALID
28401,2026-09-09 09:49:19.623688,distribution_id,,,UNKNOWN
28418,2026-09-09 09:49:19.718045,date,2025-09-02,2025-09-02,OUTLIER
28430,2026-09-09 09:49:19.782640,date,2025/10/09,2025-10-09,TYPE_FIXED
28438,2026-09-09 09:49:19.824802,date,2025-08-24,2025-08-24,OUTLIER
28471,2026-09-09 09:49:20.025377,date,2025-09-01,2025-09-01,OUTLIER
28530,2026-09-09 09:49:20.335243,total_price_rial,"37,800,000",37800000,TYPE_FIXED
28533,2026-09-09 09:49:20.351871,date,2025-08-31,2025-08-31,OUTLIER
28535,2026-09-09 09:49:20.363837,date,2025-09-08,2025-09-08,OUTLIER
28537,2026-09-09 09:49:20.375123,date,2025-08-24,2025-08-24,OUTLIER
28544,2026-09-09 09:49:20.411477,date,2025-09-07,2025-09-07,OUTLIER
28567,2026-09-09 09:49:20.546367,product_id,P999,P999,INVALID
28583,2026-09-09 09:49:20.631867,date,2025-08-26,2025-08-26,OUTLIER
28589,2026-09-09 09:49:20.664741,date,2025-09-02,2025-09-02,OUTLIER
28589,2026-09-09 09:49:20.672026,sale_id,28589,28589,DUPLICATE
28589,2026-09-09 09:49:20.673301,date,2025-09-02,2025-09-02,OUTLIER
28613,2026-09-09 09:49:20.794513,date,2025-09-05,2025-09-05,OUTLIER
28615,2026-09-09 09:49:20.808151,product_id,P999,P999,INVALID
28642,2026-09-09 09:49:20.954446,date,2025/09/07,2025-09-07,TYPE_FIXED
28642,2026-09-09 09:49:20.955654,date,2025-09-07,2025-09-07,OUTLIER
28646,2026-09-09 09:49:20.975596,date,2025-09-05,2025-09-05,OUTLIER
28653,2026-09-09 09:49:21.014002,unit_price_rial,,,MISSING
28653,2026-09-09 09:49:21.015045,unit_price_rial,,520000,CALCULATED
28672,2026-09-09 09:49:21.113672,date,2025-09-05,2025-09-05,OUTLIER
28693,2026-09-09 09:49:21.266094,date,2025-08-30,2025-08-30,OUTLIER
28703,2026-09-09 09:49:21.427124,date,2025-08-24,2025-08-24,OUTLIER
28706,2026-09-09 09:49:21.454979,date,2025-09-06,2025-09-06,OUTLIER
28707,2026-09-09 09:49:21.464931,date,2025-09-07,2025-09-07,OUTLIER
28712,2026-09-09 09:49:21.504289,date,2025-09-08,2025-09-08,OUTLIER
28809,2026-09-09 09:49:22.136696,date,2025/10/27,2025-10-27,TYPE_FIXED
28815,2026-09-09 09:49:22.171332,date,2025-08-31,2025-08-31,OUTLIER
28818,2026-09-09 09:49:22.189439,date,2025-08-28,2025-08-28,OUTLIER
28838,2026-09-09 09:49:22.307239,date,2025-09-01,2025-09-01,OUTLIER
28852,2026-09-09 09:49:22.404854,date,2025-08-25,2025-08-25,OUTLIER
28869,2026-09-09 09:49:22.525228,date,2025-09-04,2025-09-04,OUTLIER
28869,2026-09-09 09:49:22.529653,quantity,-8,,INVALID
28869,2026-09-09 09:49:22.531848,quantity,,22,CALCULATED
28886,2026-09-09 09:49:22.620400,distribution_id,,,UNKNOWN
28900,2026-09-09 09:49:22.692524,date,2025-09-01,2025-09-01,OUTLIER
28911,2026-09-09 09:49:22.749914,product_id,P999,P999,INVALID
28917,2026-09-09 09:49:22.782025,date,2025-08-24,2025-08-24,OUTLIER
28933,2026-09-09 09:49:22.869641,sale_id,28933,28933,DUPLICATE
28971,2026-09-09 09:49:23.061806,date,2025-09-01,2025-09-01,OUTLIER
28983,2026-09-09 09:49:23.126510,date,2025-09-05,2025-09-05,OUTLIER
29006,2026-09-09 09:49:23.249716,date,2025-09-07,2025-09-07,OUTLIER
29056,2026-09-09 09:49:23.517959,distribution_id,,,UNKNOWN
29078,2026-09-09 09:49:23.640143,date,2026/08/20,2026-08-20,TYPE_FIXED
29095,2026-09-09 09:49:23.730274,unit_price_rial,,,MISSING
29095,2026-09-09 09:49:23.731976,unit_price_rial,,520000,CALCULATED
29136,2026-09-09 09:49:23.952502,date,2025-09-07,2025-09-07,OUTLIER
29162,2026-09-09 09:49:24.087838,date,2025-08-24,2025-08-24,OUTLIER
29169,2026-09-09 09:49:24.126676,date,2025-08-25,2025-08-25,OUTLIER
29173,2026-09-09 09:49:24.147924,date,2025-09-08,2025-09-08,OUTLIER
29180,2026-09-09 09:49:24.187666,date,2026/06/18,2026-06-18,TYPE_FIXED
29186,2026-09-09 09:49:24.220953,quantity,-5,,INVALID
29186,2026-09-09 09:49:24.222077,quantity,,33,CALCULATED
29192,2026-09-09 09:49:24.252529,date,2025-08-31,2025-08-31,OUTLIER
29195,2026-09-09 09:49:24.269001,date,2025-08-30,2025-08-30,OUTLIER
29226,2026-09-09 09:49:24.428708,unit_price_rial,,,MISSING
29226,2026-09-09 09:49:24.429938,unit_price_rial,,610000,CALCULATED
29233,2026-09-09 09:49:24.465368,date,2025-08-25,2025-08-25,OUTLIER
29256,2026-09-09 09:49:24.586765,sale_id,29256,29256,DUPLICATE
29260,2026-09-09 09:49:24.602908,date,2025-09-07,2025-09-07,OUTLIER
29276,2026-09-09 09:49:24.688802,date,2025-09-07,2025-09-07,OUTLIER
29277,2026-09-09 09:49:24.695952,unit_price_rial,,,MISSING
29277,2026-09-09 09:49:24.697150,unit_price_rial,,720000,CALCULATED
29293,2026-09-09 09:49:24.778800,date,2025-08-25,2025-08-25,OUTLIER
29301,2026-09-09 09:49:24.820722,date,2025-08-24,2025-08-24,OUTLIER
29344,2026-09-09 09:49:25.073897,date,2025-09-07,2025-09-07,OUTLIER
29360,2026-09-09 09:49:25.160831,date,2025-09-07,2025-09-07,OUTLIER
29393,2026-09-09 09:49:25.330164,date,2025-08-28,2025-08-28,OUTLIER
29400,2026-09-09 09:49:25.367889,date,2025-09-02,2025-09-02,OUTLIER
29412,2026-09-09 09:49:25.429435,date,2025-09-03,2025-09-03,OUTLIER
29428,2026-09-09 09:49:25.510884,distribution_id,,,UNKNOWN
29430,2026-09-09 09:49:25.521431,date,2025-08-26,2025-08-26,OUTLIER
29446,2026-09-09 09:49:25.604385,date,2026/07/19,2026-07-19,TYPE_FIXED
29499,2026-09-09 09:49:25.877117,date,2025-09-01,2025-09-01,OUTLIER
29532,2026-09-09 09:49:26.049841,date,2025-08-31,2025-08-31,OUTLIER
29549,2026-09-09 09:49:26.150167,date,2025-08-29,2025-08-29,OUTLIER
29578,2026-09-09 09:49:26.302967,distribution_id,,,UNKNOWN
29605,2026-09-09 09:49:26.443513,date,2025-08-25,2025-08-25,OUTLIER
29620,2026-09-09 09:49:26.519426,total_price_rial,"12,300,000",12300000,TYPE_FIXED
29625,2026-09-09 09:49:26.545226,date,2025-08-26,2025-08-26,OUTLIER
29631,2026-09-09 09:49:26.583702,date,2025-08-28,2025-08-28,OUTLIER
29642,2026-09-09 09:49:26.653915,sale_id,29642,29642,DUPLICATE
29647,2026-09-09 09:49:26.678359,date,2025-08-30,2025-08-30,OUTLIER
29655,2026-09-09 09:49:26.719983,date,2025-08-24,2025-08-24,OUTLIER
29685,2026-09-09 09:49:26.868181,date,2025-08-30,2025-08-30,OUTLIER
29687,2026-09-09 09:49:26.879217,date,2025-09-01,2025-09-01,OUTLIER
29695,2026-09-09 09:49:26.918056,date,2026/01/14,2026-01-14,TYPE_FIXED
29714,2026-09-09 09:49:27.015029,date,2025-09-01,2025-09-01,OUTLIER
29724,2026-09-09 09:49:27.095225,date,2026/08/03,2026-08-03,TYPE_FIXED
29767,2026-09-09 09:49:27.326234,date,2025-08-30,2025-08-30,OUTLIER
29781,2026-09-09 09:49:27.403438,sale_id,29781,29781,DUPLICATE
29787,2026-09-09 09:49:27.430965,distribution_id,,,UNKNOWN
29793,2026-09-09 09:49:27.462181,date,2025-09-05,2025-09-05,OUTLIER
29815,2026-09-09 09:49:27.594615,quantity,-4,,INVALID
29815,2026-09-09 09:49:27.595882,quantity,,5,CALCULATED
29828,2026-09-09 09:49:27.658107,date,2025-09-06,2025-09-06,OUTLIER
29844,2026-09-09 09:49:27.733800,distribution_id,,,UNKNOWN
29851,2026-09-09 09:49:27.766801,date,2025-09-02,2025-09-02,OUTLIER
29874,2026-09-09 09:49:27.887594,sale_id,29874,29874,DUPLICATE
29884,2026-09-09 09:49:27.938295,date,2025-08-31,2025-08-31,OUTLIER
29887,2026-09-09 09:49:27.965337,sale_id,29887,29887,DUPLICATE
29918,2026-09-09 09:49:28.125419,date,2025-08-27,2025-08-27,OUTLIER
29922,2026-09-09 09:49:28.147844,date,2025-09-02,2025-09-02,OUTLIER
29989,2026-09-09 09:49:28.498543,unit_price_rial,,,MISSING
29989,2026-09-09 09:49:28.499693,unit_price_rial,,1850000,CALCULATED
29995,2026-09-09 09:49:28.534523,date,2025-08-24,2025-08-24,OUTLIER
30010,2026-09-09 09:49:28.647855,date,2025-09-05,2025-09-05,OUTLIER
30023,2026-09-09 09:49:28.733332,distribution_id,,,UNKNOWN
30025,2026-09-09 09:49:28.744700,date,2025-09-07,2025-09-07,OUTLIER
30079,2026-09-09 09:49:29.048506,product_id,P999,P999,INVALID
30103,2026-09-09 09:49:29.176848,date,2025-08-29,2025-08-29,OUTLIER
30114,2026-09-09 09:49:29.236736,total_price_rial,"29,000,000",29000000,TYPE_FIXED
30120,2026-09-09 09:49:29.268878,date,2025-09-04,2025-09-04,OUTLIER
30128,2026-09-09 09:49:29.313697,date,2025-09-08,2025-09-08,OUTLIER
30129,2026-09-09 09:49:29.320459,date,2025-08-25,2025-08-25,OUTLIER
30214,2026-09-09 09:49:29.799385,date,2025-09-03,2025-09-03,OUTLIER
30229,2026-09-09 09:49:29.869694,date,2025-09-08,2025-09-08,OUTLIER
30233,2026-09-09 09:49:29.890414,date,2025-09-06,2025-09-06,OUTLIER
30248,2026-09-09 09:49:29.968537,date,2025-08-31,2025-08-31,OUTLIER
30263,2026-09-09 09:49:30.045416,unit_price_rial,,,MISSING
30263,2026-09-09 09:49:30.046520,unit_price_rial,,580000,CALCULATED
30310,2026-09-09 09:49:30.284902,date,2025-09-01,2025-09-01,OUTLIER
30311,2026-09-09 09:49:30.290666,date,2026/05/17,2026-05-17,TYPE_FIXED
30320,2026-09-09 09:49:30.333816,date,2025-09-04,2025-09-04,OUTLIER
30323,2026-09-09 09:49:30.351875,date,2025-08-29,2025-08-29,OUTLIER
30335,2026-09-09 09:49:30.413777,date,2025-09-06,2025-09-06,OUTLIER
30348,2026-09-09 09:49:30.481621,unit_price_rial,,,MISSING
30348,2026-09-09 09:49:30.482885,unit_price_rial,,610000,CALCULATED
30354,2026-09-09 09:49:30.512072,total_price_rial,"67,830,000",67830000,TYPE_FIXED
30365,2026-09-09 09:49:30.567014,date,2025-09-07,2025-09-07,OUTLIER
30396,2026-09-09 09:49:30.731844,sale_id,30396,30396,DUPLICATE
30416,2026-09-09 09:49:30.825784,date,2025/12/18,2025-12-18,TYPE_FIXED
30448,2026-09-09 09:49:31.000798,distribution_id,,,UNKNOWN
30449,2026-09-09 09:49:31.006714,date,2025-08-28,2025-08-28,OUTLIER
30451,2026-09-09 09:49:31.017348,date,2025-08-25,2025-08-25,OUTLIER
30473,2026-09-09 09:49:31.140751,date,2025-08-30,2025-08-30,OUTLIER
30483,2026-09-09 09:49:31.196690,date,2025-08-25,2025-08-25,OUTLIER
30486,2026-09-09 09:49:31.214098,date,2025-09-03,2025-09-03,OUTLIER
30499,2026-09-09 09:49:31.279296,date,2025-08-25,2025-08-25,OUTLIER
30512,2026-09-09 09:49:31.343688,total_price_rial,67767200,67767200,INCONSISTENT
30522,2026-09-09 09:49:31.399244,sale_id,30522,30522,DUPLICATE
30533,2026-09-09 09:49:31.454763,distribution_id,,,UNKNOWN
30539,2026-09-09 09:49:31.492456,sale_id,30539,30539,DUPLICATE
30548,2026-09-09 09:49:31.557054,unit_price_rial,,,MISSING
30548,2026-09-09 09:49:31.558355,unit_price_rial,,1850000,CALCULATED
30551,2026-09-09 09:49:31.574220,date,2025/10/07,2025-10-07,TYPE_FIXED
30566,2026-09-09 09:49:31.651496,date,2025-09-02,2025-09-02,OUTLIER
30580,2026-09-09 09:49:31.725156,date,2025-09-03,2025-09-03,OUTLIER
30592,2026-09-09 09:49:31.789297,date,2025-09-02,2025-09-02,OUTLIER
30604,2026-09-09 09:49:31.849590,date,2025-08-27,2025-08-27,OUTLIER
30637,2026-09-09 09:49:32.024111,date,2025-08-24,2025-08-24,OUTLIER
30640,2026-09-09 09:49:32.040999,date,2025-09-06,2025-09-06,OUTLIER
30653,2026-09-09 09:49:32.110356,date,2025-09-03,2025-09-03,OUTLIER
30688,2026-09-09 09:49:32.296585,date,2025/09/16,2025-09-16,TYPE_FIXED
30727,2026-09-09 09:49:32.497935,distribution_id,,,UNKNOWN
30737,2026-09-09 09:49:32.550446,date,2025-09-08,2025-09-08,OUTLIER
30741,2026-09-09 09:49:32.572534,quantity,-1,,INVALID
30741,2026-09-09 09:49:32.573521,quantity,,88,CALCULATED
30750,2026-09-09 09:49:32.616238,date,2025-09-03,2025-09-03,OUTLIER
30761,2026-09-09 09:49:32.671929,date,2025-08-28,2025-08-28,OUTLIER
30777,2026-09-09 09:49:32.764179,date,2025-09-05,2025-09-05,OUTLIER
30787,2026-09-09 09:49:32.815854,date,2025-08-26,2025-08-26,OUTLIER
30801,2026-09-09 09:49:32.887146,date,2025-08-28,2025-08-28,OUTLIER
30824,2026-09-09 09:49:33.006237,date,2025-08-25,2025-08-25,OUTLIER
30836,2026-09-09 09:49:33.070877,date,2025/11/27,2025-11-27,TYPE_FIXED
30844,2026-09-09 09:49:33.118828,date,2025-09-07,2025-09-07,OUTLIER
30850,2026-09-09 09:49:33.148525,date,2025-08-30,2025-08-30,OUTLIER
30866,2026-09-09 09:49:33.232320,date,2025-08-30,2025-08-30,OUTLIER
30872,2026-09-09 09:49:33.265489,date,2025-08-30,2025-08-30,OUTLIER
30875,2026-09-09 09:49:33.281580,date,2025-09-03,2025-09-03,OUTLIER
30886,2026-09-09 09:49:33.337887,date,2025-08-24,2025-08-24,OUTLIER
30890,2026-09-09 09:49:33.359138,date,2025-09-02,2025-09-02,OUTLIER
30892,2026-09-09 09:49:33.369946,date,2025-09-06,2025-09-06,OUTLIER
30910,2026-09-09 09:49:33.460452,date,2025-08-27,2025-08-27,OUTLIER
30919,2026-09-09 09:49:33.510350,date,2025-08-28,2025-08-28,OUTLIER
30935,2026-09-09 09:49:33.591642,date,2025/11/28,2025-11-28,TYPE_FIXED
30947,2026-09-09 09:49:33.654521,date,2025-09-07,2025-09-07,OUTLIER
30951,2026-09-09 09:49:33.676133,date,2025-08-24,2025-08-24,OUTLIER
30954,2026-09-09 09:49:33.692395,date,2025-08-26,2025-08-26,OUTLIER
30957,2026-09-09 09:49:33.716253,date,2026/04/06,2026-04-06,TYPE_FIXED
30961,2026-09-09 09:49:33.746546,date,2025-08-30,2025-08-30,OUTLIER
31015,2026-09-09 09:49:34.022401,discount_percent,110,,INVALID
31015,2026-09-09 09:49:34.023631,discount_percent,,3,CALCULATED
31023,2026-09-09 09:49:34.067042,distribution_id,,,UNKNOWN
31027,2026-09-09 09:49:34.087232,date,2025-08-27,2025-08-27,OUTLIER
31029,2026-09-09 09:49:34.098763,date,2025-09-06,2025-09-06,OUTLIER
31033,2026-09-09 09:49:34.118500,date,2025-09-07,2025-09-07,OUTLIER
31039,2026-09-09 09:49:34.147925,date,2025-09-01,2025-09-01,OUTLIER
31045,2026-09-09 09:49:34.184949,date,2025-08-27,2025-08-27,OUTLIER
31097,2026-09-09 09:49:34.454907,date,2025-08-25,2025-08-25,OUTLIER
31113,2026-09-09 09:49:34.540057,date,2026/03/27,2026-03-27,TYPE_FIXED
31123,2026-09-09 09:49:34.594263,date,2025-08-26,2025-08-26,OUTLIER
31127,2026-09-09 09:49:34.617178,date,2025-08-24,2025-08-24,OUTLIER
31131,2026-09-09 09:49:34.639441,date,2025-08-25,2025-08-25,OUTLIER
31132,2026-09-09 09:49:34.645788,date,2025-09-07,2025-09-07,OUTLIER
31142,2026-09-09 09:49:34.697868,date,2025-08-25,2025-08-25,OUTLIER
31183,2026-09-09 09:49:34.916303,product_id,P999,P999,INVALID
31194,2026-09-09 09:49:34.972570,date,2025-08-26,2025-08-26,OUTLIER
31196,2026-09-09 09:49:34.984893,date,2025-08-27,2025-08-27,OUTLIER
31219,2026-09-09 09:49:35.108102,date,2025-09-01,2025-09-01,OUTLIER
31292,2026-09-09 09:49:35.490844,date,2025-09-06,2025-09-06,OUTLIER
31301,2026-09-09 09:49:35.538835,unit_price_rial,,,MISSING
31301,2026-09-09 09:49:35.540124,unit_price_rial,,580000,CALCULATED
31317,2026-09-09 09:49:35.619618,date,2025-09-05,2025-09-05,OUTLIER
31325,2026-09-09 09:49:35.659678,date,2025-08-29,2025-08-29,OUTLIER
31328,2026-09-09 09:49:35.674303,date,2025-08-26,2025-08-26,OUTLIER
31332,2026-09-09 09:49:35.693957,date,2025-09-08,2025-09-08,OUTLIER
31343,2026-09-09 09:49:35.755601,total_price_rial,"26,070,000",26070000,TYPE_FIXED
31359,2026-09-09 09:49:35.844000,date,2025-08-29,2025-08-29,OUTLIER
31416,2026-09-09 09:49:36.154373,date,2025-09-03,2025-09-03,OUTLIER
31425,2026-09-09 09:49:36.197922,date,2025-08-28,2025-08-28,OUTLIER
31440,2026-09-09 09:49:36.274872,discount_percent,110,,INVALID
31440,2026-09-09 09:49:36.276410,discount_percent,,3,CALCULATED
31466,2026-09-09 09:49:36.400452,date,2025-08-25,2025-08-25,OUTLIER
31471,2026-09-09 09:49:36.427065,total_price_rial,"44,100,000",44100000,TYPE_FIXED
31497,2026-09-09 09:49:36.553808,date,2025-08-29,2025-08-29,OUTLIER
31512,2026-09-09 09:49:36.629009,date,2025-09-07,2025-09-07,OUTLIER
31513,2026-09-09 09:49:36.634827,date,2025-08-30,2025-08-30,OUTLIER
31539,2026-09-09 09:49:36.756160,date,2025-08-30,2025-08-30,OUTLIER
31540,2026-09-09 09:49:36.762977,quantity,-1,,INVALID
31540,2026-09-09 09:49:36.764253,quantity,,101,CALCULATED
31583,2026-09-09 09:49:36.975650,date,2025/10/01,2025-10-01,TYPE_FIXED
31610,2026-09-09 09:49:37.117751,distribution_id,,,UNKNOWN
31619,2026-09-09 09:49:37.164379,product_id,P999,P999,INVALID
31620,2026-09-09 09:49:37.170044,date,2025-09-08,2025-09-08,OUTLIER
31623,2026-09-09 09:49:37.186151,date,2025-09-06,2025-09-06,OUTLIER
31643,2026-09-09 09:49:37.295685,distribution_id,,,UNKNOWN
31650,2026-09-09 09:49:37.332045,date,2025-09-03,2025-09-03,OUTLIER
31667,2026-09-09 09:49:37.419621,total_price_rial,"21,883,200",21883200,TYPE_FIXED
31670,2026-09-09 09:49:37.433852,date,2025-08-28,2025-08-28,OUTLIER
31683,2026-09-09 09:49:37.501345,unit_price_rial,,,MISSING
31683,2026-09-09 09:49:37.502540,unit_price_rial,,1050000,CALCULATED
31685,2026-09-09 09:49:37.511827,date,2025-09-08,2025-09-08,OUTLIER
31690,2026-09-09 09:49:37.539387,date,2025-09-03,2025-09-03,OUTLIER
31694,2026-09-09 09:49:37.564197,date,2025-08-25,2025-08-25,OUTLIER
31695,2026-09-09 09:49:37.571945,date,2025-09-03,2025-09-03,OUTLIER
31699,2026-09-09 09:49:37.592307,distribution_id,,,UNKNOWN
31710,2026-09-09 09:49:37.643589,product_id,P999,P999,INVALID
31747,2026-09-09 09:49:37.821050,quantity,-10,,INVALID
31747,2026-09-09 09:49:37.822189,quantity,,39,CALCULATED
31804,2026-09-09 09:49:38.097404,product_id,P999,P999,INVALID
31809,2026-09-09 09:49:38.123664,date,2025-08-31,2025-08-31,OUTLIER
31815,2026-09-09 09:49:38.153872,distribution_id,,,UNKNOWN
31834,2026-09-09 09:49:38.250561,date,2025-09-07,2025-09-07,OUTLIER
31836,2026-09-09 09:49:38.261169,date,2025-08-28,2025-08-28,OUTLIER
31847,2026-09-09 09:49:38.333430,date,2025-08-31,2025-08-31,OUTLIER
31848,2026-09-09 09:49:38.339792,total_price_rial,"75,600,000",75600000,TYPE_FIXED
31865,2026-09-09 09:49:38.427204,date,2025-08-31,2025-08-31,OUTLIER
31870,2026-09-09 09:49:38.454524,date,2025-08-30,2025-08-30,OUTLIER
31872,2026-09-09 09:49:38.464787,date,2025-09-07,2025-09-07,OUTLIER
31908,2026-09-09 09:49:38.636665,product_id,P999,P999,INVALID
31926,2026-09-09 09:49:38.725733,date,2025-09-01,2025-09-01,OUTLIER
31938,2026-09-09 09:49:38.789364,total_price_rial,"20,130,000",20130000,TYPE_FIXED
31945,2026-09-09 09:49:38.828053,total_price_rial,"6,052,800",6052800,TYPE_FIXED
31966,2026-09-09 09:49:38.941898,date,2025-08-27,2025-08-27,OUTLIER
32044,2026-09-09 09:49:39.324857,date,2025-08-27,2025-08-27,OUTLIER
32055,2026-09-09 09:49:39.377068,date,2025-09-02,2025-09-02,OUTLIER
32089,2026-09-09 09:49:39.548848,date,2025-09-07,2025-09-07,OUTLIER
32096,2026-09-09 09:49:39.584482,date,2025-08-31,2025-08-31,OUTLIER
32107,2026-09-09 09:49:39.637869,distribution_id,,,UNKNOWN
32120,2026-09-09 09:49:39.705499,sale_id,32120,32120,DUPLICATE
32125,2026-09-09 09:49:39.726447,date,2025-09-04,2025-09-04,OUTLIER
32128,2026-09-09 09:49:39.742612,date,2025/09/03,2025-09-03,TYPE_FIXED
32128,2026-09-09 09:49:39.743641,date,2025-09-03,2025-09-03,OUTLIER
32181,2026-09-09 09:49:40.016288,date,2025-09-02,2025-09-02,OUTLIER
32183,2026-09-09 09:49:40.026128,date,2025-08-24,2025-08-24,OUTLIER
32200,2026-09-09 09:49:40.105888,date,2025-09-05,2025-09-05,OUTLIER
32243,2026-09-09 09:49:40.314445,date,2025-08-28,2025-08-28,OUTLIER
32246,2026-09-09 09:49:40.332343,unit_price_rial,,,MISSING
32246,2026-09-09 09:49:40.334253,unit_price_rial,,1050000,CALCULATED
32264,2026-09-09 09:49:40.426652,date,2025-09-02,2025-09-02,OUTLIER
32272,2026-09-09 09:49:40.464463,unit_price_rial,,,MISSING
32272,2026-09-09 09:49:40.465583,unit_price_rial,,590000,CALCULATED
32279,2026-09-09 09:49:40.499296,date,2025-08-25,2025-08-25,OUTLIER
32364,2026-09-09 09:49:40.934708,distribution_id,,,UNKNOWN
32371,2026-09-09 09:49:40.970021,date,2025-09-04,2025-09-04,OUTLIER
32384,2026-09-09 09:49:41.036508,product_id,P999,P999,INVALID
32389,2026-09-09 09:49:41.062603,date,2025-08-26,2025-08-26,OUTLIER
32392,2026-09-09 09:49:41.079069,date,2025-09-04,2025-09-04,OUTLIER
32438,2026-09-09 09:49:41.318076,date,2025-09-04,2025-09-04,OUTLIER
32505,2026-09-09 09:49:41.652470,date,2025-09-04,2025-09-04,OUTLIER
32510,2026-09-09 09:49:41.678957,date,2025-09-07,2025-09-07,OUTLIER
32519,2026-09-09 09:49:41.722905,date,2025-08-25,2025-08-25,OUTLIER
32532,2026-09-09 09:49:41.792639,date,2025-08-25,2025-08-25,OUTLIER
32544,2026-09-09 09:49:41.856841,date,2025-09-05,2025-09-05,OUTLIER
32559,2026-09-09 09:49:41.944677,sale_id,32559,32559,DUPLICATE
32585,2026-09-09 09:49:42.072073,date,2025-09-04,2025-09-04,OUTLIER
32633,2026-09-09 09:49:42.319127,date,2025-09-05,2025-09-05,OUTLIER
32662,2026-09-09 09:49:42.467056,date,2025-09-06,2025-09-06,OUTLIER
32664,2026-09-09 09:49:42.483483,sale_id,32664,32664,DUPLICATE
32667,2026-09-09 09:49:42.494485,date,2025-08-26,2025-08-26,OUTLIER
32699,2026-09-09 09:49:42.655304,date,2025-08-24,2025-08-24,OUTLIER
32700,2026-09-09 09:49:42.661953,distribution_id,,,UNKNOWN
32709,2026-09-09 09:49:42.724171,date,2026/01/28,2026-01-28,TYPE_FIXED
32714,2026-09-09 09:49:42.751863,date,2025-09-02,2025-09-02,OUTLIER
32743,2026-09-09 09:49:42.897769,product_id,P999,P999,INVALID
32747,2026-09-09 09:49:42.924575,sale_id,32747,32747,DUPLICATE
32750,2026-09-09 09:49:42.940333,sale_id,32750,32750,DUPLICATE
32809,2026-09-09 09:49:43.248789,date,2025-09-08,2025-09-08,OUTLIER
32857,2026-09-09 09:49:43.513423,date,2025-08-24,2025-08-24,OUTLIER
32869,2026-09-09 09:49:43.576226,quantity,-2,,INVALID
32869,2026-09-09 09:49:43.577235,quantity,,123,CALCULATED
32870,2026-09-09 09:49:43.582446,date,2025-09-02,2025-09-02,OUTLIER
32871,2026-09-09 09:49:43.593191,sale_id,32871,32871,DUPLICATE
32898,2026-09-09 09:49:43.725281,product_id,P999,P999,INVALID
32903,2026-09-09 09:49:43.750887,distribution_id,,,UNKNOWN
32932,2026-09-09 09:49:43.897557,quantity,-9,,INVALID
32932,2026-09-09 09:49:43.899451,quantity,,14,CALCULATED
32953,2026-09-09 09:49:44.009791,discount_percent,110,,INVALID
32953,2026-09-09 09:49:44.010843,discount_percent,,0,CALCULATED
32962,2026-09-09 09:49:44.058739,date,2025/11/17,2025-11-17,TYPE_FIXED
32973,2026-09-09 09:49:44.116631,date,2025-09-03,2025-09-03,OUTLIER
32979,2026-09-09 09:49:44.148597,date,2026/07/22,2026-07-22,TYPE_FIXED
33011,2026-09-09 09:49:44.314408,date,2025-08-29,2025-08-29,OUTLIER
33013,2026-09-09 09:49:44.326290,date,2025-08-26,2025-08-26,OUTLIER
33047,2026-09-09 09:49:44.505371,date,2025-09-07,2025-09-07,OUTLIER
33054,2026-09-09 09:49:44.542795,product_id,P999,P999,INVALID
33057,2026-09-09 09:49:44.558782,date,2025-09-06,2025-09-06,OUTLIER
33057,2026-09-09 09:49:44.560090,product_id,P999,P999,INVALID
33057,2026-09-09 09:49:44.576725,sale_id,33057,33058,TYPE_FIXED
33058,2026-09-09 09:49:44.577973,date,2025-09-06,2025-09-06,OUTLIER
33062,2026-09-09 09:49:44.599669,date,2025-09-08,2025-09-08,OUTLIER
33066,2026-09-09 09:49:44.622270,total_price_rial,"18,345,600",18345600,TYPE_FIXED
33110,2026-09-09 09:49:44.871018,sale_id,33110,33110,DUPLICATE
33120,2026-09-09 09:49:44.920476,date,2025-08-26,2025-08-26,OUTLIER
33250,2026-09-09 09:49:45.622156,discount_percent,110,,INVALID
33250,2026-09-09 09:49:45.623367,discount_percent,,2,CALCULATED
33262,2026-09-09 09:49:45.685343,total_price_rial,"44,460,000",44460000,TYPE_FIXED
33291,2026-09-09 09:49:45.840335,total_price_rial,"12,590,600",12590600,TYPE_FIXED
33323,2026-09-09 09:49:46.009613,date,2025-08-27,2025-08-27,OUTLIER
33330,2026-09-09 09:49:46.046361,date,2025-09-05,2025-09-05,OUTLIER
33333,2026-09-09 09:49:46.062982,date,2025-09-01,2025-09-01,OUTLIER
33347,2026-09-09 09:49:46.139920,product_id,P999,P999,INVALID
33349,2026-09-09 09:49:46.150953,date,2025-09-01,2025-09-01,OUTLIER
33352,2026-09-09 09:49:46.169454,date,2025-09-06,2025-09-06,OUTLIER
33354,2026-09-09 09:49:46.180972,date,2025-09-01,2025-09-01,OUTLIER
33366,2026-09-09 09:49:46.250393,sale_id,33366,33366,DUPLICATE
33372,2026-09-09 09:49:46.278928,date,2025/12/15,2025-12-15,TYPE_FIXED
33382,2026-09-09 09:49:46.331514,date,2025-09-04,2025-09-04,OUTLIER
33392,2026-09-09 09:49:46.382578,total_price_rial,13749400,13749400,INCONSISTENT
33402,2026-09-09 09:49:46.435780,total_price_rial,76346800,76346800,INCONSISTENT
33418,2026-09-09 09:49:46.526701,date,2025-09-05,2025-09-05,OUTLIER
33526,2026-09-09 09:49:47.108162,date,2025-09-08,2025-09-08,OUTLIER
33560,2026-09-09 09:49:47.277903,date,2025-08-24,2025-08-24,OUTLIER
33576,2026-09-09 09:49:47.359168,date,2025-08-27,2025-08-27,OUTLIER
33602,2026-09-09 09:49:47.492055,date,2025-08-28,2025-08-28,OUTLIER
33602,2026-09-09 09:49:47.494039,total_price_rial,41467500,41467500,INCONSISTENT
33604,2026-09-09 09:49:47.504667,discount_percent,110,,INVALID
33604,2026-09-09 09:49:47.505940,discount_percent,,0,CALCULATED
33609,2026-09-09 09:49:47.530942,date,2025-08-27,2025-08-27,OUTLIER
33615,2026-09-09 09:49:47.560886,date,2025-08-30,2025-08-30,OUTLIER
33625,2026-09-09 09:49:47.610893,discount_percent,110,,INVALID
33625,2026-09-09 09:49:47.611980,discount_percent,,7,CALCULATED
33640,2026-09-09 09:49:47.686951,date,2025-08-24,2025-08-24,OUTLIER
33657,2026-09-09 09:49:47.773253,date,2026/02/12,2026-02-12,TYPE_FIXED
33659,2026-09-09 09:49:47.784301,date,2025-08-30,2025-08-30,OUTLIER
33693,2026-09-09 09:49:47.950071,date,2025-09-02,2025-09-02,OUTLIER
33720,2026-09-09 09:49:48.100110,date,2025-09-08,2025-09-08,OUTLIER
33736,2026-09-09 09:49:48.186462,sale_id,33736,33736,DUPLICATE
33741,2026-09-09 09:49:48.205298,distribution_id,,,UNKNOWN
33750,2026-09-09 09:49:48.253905,sale_id,33750,33750,DUPLICATE
33760,2026-09-09 09:49:48.298630,date,2025-08-30,2025-08-30,OUTLIER
33773,2026-09-09 09:49:48.362720,date,2025-09-05,2025-09-05,OUTLIER
33782,2026-09-09 09:49:48.405252,date,2025-09-06,2025-09-06,OUTLIER
33785,2026-09-09 09:49:48.421868,date,2025-09-04,2025-09-04,OUTLIER
33787,2026-09-09 09:49:48.433287,product_id,P999,P999,INVALID
33811,2026-09-09 09:49:48.560227,date,2025-08-31,2025-08-31,OUTLIER
33834,2026-09-09 09:49:48.684316,date,2025-08-28,2025-08-28,OUTLIER
33847,2026-09-09 09:49:48.747042,date,2025-08-30,2025-08-30,OUTLIER
33885,2026-09-09 09:49:48.939578,date,2025-08-27,2025-08-27,OUTLIER
33892,2026-09-09 09:49:48.975740,distribution_id,,,UNKNOWN
33903,2026-09-09 09:49:49.031851,date,2025-08-25,2025-08-25,OUTLIER
33909,2026-09-09 09:49:49.061854,date,2025-09-04,2025-09-04,OUTLIER
33914,2026-09-09 09:49:49.089279,date,2025-09-03,2025-09-03,OUTLIER
33964,2026-09-09 09:49:49.342481,date,2025-09-03,2025-09-03,OUTLIER
33983,2026-09-09 09:49:49.437858,date,2025-08-28,2025-08-28,OUTLIER
33997,2026-09-09 09:49:49.511557,date,2025-09-08,2025-09-08,OUTLIER
34005,2026-09-09 09:49:49.556807,quantity,-6,,INVALID
34005,2026-09-09 09:49:49.558645,quantity,,10,CALCULATED
34027,2026-09-09 09:49:49.675564,unit_price_rial,,,MISSING
34027,2026-09-09 09:49:49.676980,unit_price_rial,,820000,CALCULATED
34080,2026-09-09 09:49:49.949938,date,2025-08-27,2025-08-27,OUTLIER
34119,2026-09-09 09:49:50.157319,date,2025-09-05,2025-09-05,OUTLIER
34128,2026-09-09 09:49:50.208721,date,2026/07/01,2026-07-01,TYPE_FIXED
34173,2026-09-09 09:49:50.444480,date,2025-08-25,2025-08-25,OUTLIER
34182,2026-09-09 09:49:50.489397,date,2025-08-26,2025-08-26,OUTLIER
34206,2026-09-09 09:49:50.613044,date,2025-09-02,2025-09-02,OUTLIER
34207,2026-09-09 09:49:50.618608,date,2025-09-04,2025-09-04,OUTLIER
34231,2026-09-09 09:49:50.742477,date,2025-08-30,2025-08-30,OUTLIER
34238,2026-09-09 09:49:50.795149,date,2025-09-01,2025-09-01,OUTLIER
34243,2026-09-09 09:49:50.821962,date,2025-09-04,2025-09-04,OUTLIER
34278,2026-09-09 09:49:51.001941,date,2025-08-31,2025-08-31,OUTLIER
34279,2026-09-09 09:49:51.007914,date,2025-08-25,2025-08-25,OUTLIER
34295,2026-09-09 09:49:51.095663,date,2025-08-25,2025-08-25,OUTLIER
34360,2026-09-09 09:49:51.433426,sale_id,34360,34360,DUPLICATE
34426,2026-09-09 09:49:51.768835,distribution_id,,,UNKNOWN
34473,2026-09-09 09:49:52.019739,date,2025-09-01,2025-09-01,OUTLIER
34487,2026-09-09 09:49:52.101261,sale_id,34487,34487,DUPLICATE
34510,2026-09-09 09:49:52.215697,product_id,P999,P999,INVALID
34512,2026-09-09 09:49:52.227089,date,2025-09-07,2025-09-07,OUTLIER
34513,2026-09-09 09:49:52.233489,distribution_id,,,UNKNOWN
34525,2026-09-09 09:49:52.297105,date,2025-09-04,2025-09-04,OUTLIER
34571,2026-09-09 09:49:52.529402,date,2025-09-03,2025-09-03,OUTLIER
34575,2026-09-09 09:49:52.549376,date,2025-08-30,2025-08-30,OUTLIER
34597,2026-09-09 09:49:52.672591,discount_percent,110,,INVALID
34597,2026-09-09 09:49:52.673678,discount_percent,,3,CALCULATED
34620,2026-09-09 09:49:52.793702,date,2025-09-05,2025-09-05,OUTLIER
34625,2026-09-09 09:49:52.819799,date,2025-09-07,2025-09-07,OUTLIER
34656,2026-09-09 09:49:53.002240,date,2025/12/23,2025-12-23,TYPE_FIXED
34675,2026-09-09 09:49:53.100895,date,2025-09-02,2025-09-02,OUTLIER
34682,2026-09-09 09:49:53.138197,date,2025-08-28,2025-08-28,OUTLIER
34683,2026-09-09 09:49:53.145309,date,2025-09-07,2025-09-07,OUTLIER
34712,2026-09-09 09:49:53.297917,date,2025-09-02,2025-09-02,OUTLIER
34720,2026-09-09 09:49:53.342512,date,2025-08-25,2025-08-25,OUTLIER
34725,2026-09-09 09:49:53.369786,date,2025-08-28,2025-08-28,OUTLIER
34727,2026-09-09 09:49:53.380231,date,2025-08-30,2025-08-30,OUTLIER
34728,2026-09-09 09:49:53.385928,date,2025-08-29,2025-08-29,OUTLIER
34741,2026-09-09 09:49:53.455807,date,2025-08-30,2025-08-30,OUTLIER
34744,2026-09-09 09:49:53.472005,date,2025-09-06,2025-09-06,OUTLIER
34753,2026-09-09 09:49:53.519997,date,2026/05/20,2026-05-20,TYPE_FIXED
34761,2026-09-09 09:49:53.567521,sale_id,34761,34761,DUPLICATE
34777,2026-09-09 09:49:53.649507,date,2025-08-28,2025-08-28,OUTLIER
34782,2026-09-09 09:49:53.677581,unit_price_rial,,,MISSING
34782,2026-09-09 09:49:53.679108,unit_price_rial,,720000,CALCULATED
34788,2026-09-09 09:49:53.711772,date,2025-09-01,2025-09-01,OUTLIER
34794,2026-09-09 09:49:53.744321,date,2026/04/11,2026-04-11,TYPE_FIXED
34815,2026-09-09 09:49:53.869979,sale_id,34815,34815,DUPLICATE
34829,2026-09-09 09:49:53.938858,date,2025-09-05,2025-09-05,OUTLIER
34836,2026-09-09 09:49:53.977825,quantity,-10,,INVALID
34836,2026-09-09 09:49:53.979055,quantity,,41,CALCULATED
34854,2026-09-09 09:49:54.072574,date,2025-09-01,2025-09-01,OUTLIER
34854,2026-09-09 09:49:54.074566,product_id,P999,P999,INVALID
34876,2026-09-09 09:49:54.201321,date,2025-09-07,2025-09-07,OUTLIER
34889,2026-09-09 09:49:54.270536,date,2025-09-02,2025-09-02,OUTLIER
34922,2026-09-09 09:49:54.445031,sale_id,34922,34922,DUPLICATE
34948,2026-09-09 09:49:54.574784,date,2025-09-04,2025-09-04,OUTLIER
34948,2026-09-09 09:49:54.581013,sale_id,34948,34948,DUPLICATE
34948,2026-09-09 09:49:54.582447,date,2025-09-04,2025-09-04,OUTLIER
34951,2026-09-09 09:49:54.592684,date,2025-09-01,2025-09-01,OUTLIER
34963,2026-09-09 09:49:54.653216,date,2025-09-02,2025-09-02,OUTLIER
34974,2026-09-09 09:49:54.711460,date,2025-08-29,2025-08-29,OUTLIER
34982,2026-09-09 09:49:54.768341,date,2025-08-29,2025-08-29,OUTLIER
34996,2026-09-09 09:49:54.843523,date,2025-08-28,2025-08-28,OUTLIER
34997,2026-09-09 09:49:54.849191,date,2025-09-02,2025-09-02,OUTLIER
35046,2026-09-09 09:49:55.104733,date,2025-09-06,2025-09-06,OUTLIER
35074,2026-09-09 09:49:55.249682,date,2025-09-06,2025-09-06,OUTLIER
35101,2026-09-09 09:49:55.407625,distribution_id,,,UNKNOWN
35129,2026-09-09 09:49:55.552593,date,2025-08-24,2025-08-24,OUTLIER
35131,2026-09-09 09:49:55.562408,date,2025-09-01,2025-09-01,OUTLIER
35141,2026-09-09 09:49:55.618254,unit_price_rial,,,MISSING
35141,2026-09-09 09:49:55.619720,unit_price_rial,,610000,CALCULATED
35145,2026-09-09 09:49:55.639711,date,2025-08-31,2025-08-31,OUTLIER
35178,2026-09-09 09:49:55.830959,date,2025-08-25,2025-08-25,OUTLIER
35187,2026-09-09 09:49:55.880703,distribution_id,,,UNKNOWN
35232,2026-09-09 09:49:56.116592,date,2025-09-03,2025-09-03,OUTLIER
35235,2026-09-09 09:49:56.133487,date,2025-09-03,2025-09-03,OUTLIER
35238,2026-09-09 09:49:56.148823,date,2025-08-25,2025-08-25,OUTLIER
35267,2026-09-09 09:49:56.300739,date,2025-08-29,2025-08-29,OUTLIER
35280,2026-09-09 09:49:56.370291,date,2025-09-06,2025-09-06,OUTLIER
35289,2026-09-09 09:49:56.417796,date,2025-08-25,2025-08-25,OUTLIER
35296,2026-09-09 09:49:56.454432,date,2025-09-01,2025-09-01,OUTLIER
35309,2026-09-09 09:49:56.524322,date,2025-08-27,2025-08-27,OUTLIER
35348,2026-09-09 09:49:56.729016,product_id,P999,P999,INVALID
35373,2026-09-09 09:49:56.858643,date,2025-09-08,2025-09-08,OUTLIER
35464,2026-09-09 09:49:57.346133,date,2025-09-01,2025-09-01,OUTLIER
35478,2026-09-09 09:49:57.418957,date,2025-09-03,2025-09-03,OUTLIER
35516,2026-09-09 09:49:57.608073,date,2025-09-05,2025-09-05,OUTLIER
35525,2026-09-09 09:49:57.663370,date,2025-08-24,2025-08-24,OUTLIER
35548,2026-09-09 09:49:57.805655,date,2025-09-02,2025-09-02,OUTLIER
35551,2026-09-09 09:49:57.826329,sale_id,35551,35551,DUPLICATE
35556,2026-09-09 09:49:57.853506,sale_id,35556,35556,DUPLICATE
35582,2026-09-09 09:49:57.976491,date,2025-08-30,2025-08-30,OUTLIER
35598,2026-09-09 09:49:58.061057,sale_id,35598,35598,DUPLICATE
35600,2026-09-09 09:49:58.067049,date,2025-09-05,2025-09-05,OUTLIER
35648,2026-09-09 09:49:58.315100,total_price_rial,"43,747,200",43747200,TYPE_FIXED
35656,2026-09-09 09:49:58.355749,date,2025-08-27,2025-08-27,OUTLIER
35671,2026-09-09 09:49:58.432381,date,2025-08-29,2025-08-29,OUTLIER
35674,2026-09-09 09:49:58.449683,date,2025-08-29,2025-08-29,OUTLIER
35705,2026-09-09 09:49:58.608413,date,2025-08-25,2025-08-25,OUTLIER
35741,2026-09-09 09:49:58.802981,unit_price_rial,,,MISSING
35741,2026-09-09 09:49:58.804141,unit_price_rial,,790000,CALCULATED
35745,2026-09-09 09:49:58.825385,date,2025-09-03,2025-09-03,OUTLIER
35759,2026-09-09 09:49:58.901213,date,2025-09-04,2025-09-04,OUTLIER
35765,2026-09-09 09:49:58.933526,date,2025-08-25,2025-08-25,OUTLIER
35785,2026-09-09 09:49:59.039628,date,2025-08-26,2025-08-26,OUTLIER
35800,2026-09-09 09:49:59.118088,distribution_id,,,UNKNOWN
35813,2026-09-09 09:49:59.184586,date,2025-09-06,2025-09-06,OUTLIER
35821,2026-09-09 09:49:59.226506,date,2025-08-26,2025-08-26,OUTLIER
35846,2026-09-09 09:49:59.355707,date,2025-09-08,2025-09-08,OUTLIER
35852,2026-09-09 09:49:59.385680,date,2025-08-31,2025-08-31,OUTLIER
35875,2026-09-09 09:49:59.506500,date,2025-08-26,2025-08-26,OUTLIER
35877,2026-09-09 09:49:59.522349,date,2025-09-08,2025-09-08,OUTLIER
35885,2026-09-09 09:49:59.562485,date,2025-08-26,2025-08-26,OUTLIER
35931,2026-09-09 09:49:59.805253,date,2025-09-07,2025-09-07,OUTLIER
35937,2026-09-09 09:49:59.837097,date,2025-08-25,2025-08-25,OUTLIER
35982,2026-09-09 09:50:00.092663,date,2025/12/11,2025-12-11,TYPE_FIXED
36000,2026-09-09 09:50:00.185308,date,2025-09-07,2025-09-07,OUTLIER
36004,2026-09-09 09:50:00.206530,date,2025-08-27,2025-08-27,OUTLIER
36029,2026-09-09 09:50:00.349989,date,2026/02/20,2026-02-20,TYPE_FIXED
36030,2026-09-09 09:50:00.355586,distribution_id,,,UNKNOWN
36050,2026-09-09 09:50:00.457236,date,2026/05/11,2026-05-11,TYPE_FIXED
36086,2026-09-09 09:50:00.641207,total_price_rial,"27,489,000",27489000,TYPE_FIXED
36118,2026-09-09 09:50:00.803345,date,2025-08-26,2025-08-26,OUTLIER
36122,2026-09-09 09:50:00.825052,date,2026/06/14,2026-06-14,TYPE_FIXED
36124,2026-09-09 09:50:00.836101,date,2025-09-02,2025-09-02,OUTLIER
36124,2026-09-09 09:50:00.837463,distribution_id,,,UNKNOWN
36130,2026-09-09 09:50:00.867817,date,2025-08-26,2025-08-26,OUTLIER
36181,2026-09-09 09:50:01.123731,date,2025-08-24,2025-08-24,OUTLIER
36184,2026-09-09 09:50:01.138923,date,2025-09-06,2025-09-06,OUTLIER
36188,2026-09-09 09:50:01.159819,total_price_rial,"14,400,000",14400000,TYPE_FIXED
36193,2026-09-09 09:50:01.186078,unit_price_rial,,,MISSING
36193,2026-09-09 09:50:01.187178,unit_price_rial,,720000,CALCULATED
36215,2026-09-09 09:50:01.298244,date,2025-09-04,2025-09-04,OUTLIER
36219,2026-09-09 09:50:01.320143,total_price_rial,"19,671,600",19671600,TYPE_FIXED
36233,2026-09-09 09:50:01.399989,date,2025-09-02,2025-09-02,OUTLIER
36275,2026-09-09 09:50:01.613899,date,2025-09-08,2025-09-08,OUTLIER
36276,2026-09-09 09:50:01.619934,date,2025-09-01,2025-09-01,OUTLIER
36306,2026-09-09 09:50:01.778176,distribution_id,,,UNKNOWN
36316,2026-09-09 09:50:01.835936,date,2025-08-27,2025-08-27,OUTLIER
36316,2026-09-09 09:50:01.838361,product_id,P999,P999,INVALID
36324,2026-09-09 09:50:01.884196,date,2025-09-02,2025-09-02,OUTLIER
36383,2026-09-09 09:50:02.196617,distribution_id,,,UNKNOWN
36384,2026-09-09 09:50:02.202607,date,2026/04/10,2026-04-10,TYPE_FIXED
36389,2026-09-09 09:50:02.228742,date,2025-08-30,2025-08-30,OUTLIER
36404,2026-09-09 09:50:02.306850,date,2025-08-31,2025-08-31,OUTLIER
36418,2026-09-09 09:50:02.393117,date,2025-09-03,2025-09-03,OUTLIER
36432,2026-09-09 09:50:02.465978,product_id,P999,P999,INVALID
36437,2026-09-09 09:50:02.492114,date,2025-09-02,2025-09-02,OUTLIER
36484,2026-09-09 09:50:02.740441,date,2025-09-05,2025-09-05,OUTLIER
36535,2026-09-09 09:50:03.008138,date,2025-08-27,2025-08-27,OUTLIER
36576,2026-09-09 09:50:03.226920,date,2025-09-06,2025-09-06,OUTLIER
36586,2026-09-09 09:50:03.282006,date,2025-09-02,2025-09-02,OUTLIER
36608,2026-09-09 09:50:03.413202,date,2025/11/19,2025-11-19,TYPE_FIXED
36611,2026-09-09 09:50:03.429560,date,2025-08-28,2025-08-28,OUTLIER
36638,2026-09-09 09:50:03.573159,date,2025/10/25,2025-10-25,TYPE_FIXED
36651,2026-09-09 09:50:03.645935,distribution_id,,,UNKNOWN
36653,2026-09-09 09:50:03.657939,date,2025-08-24,2025-08-24,OUTLIER
36701,2026-09-09 09:50:03.911834,total_price_rial,23011200,23011200,INCONSISTENT
36731,2026-09-09 09:50:04.071650,date,2025-09-04,2025-09-04,OUTLIER
36741,2026-09-09 09:50:04.124755,distribution_id,,,UNKNOWN
36749,2026-09-09 09:50:04.166025,date,2025-08-30,2025-08-30,OUTLIER
36759,2026-09-09 09:50:04.220367,date,2025-08-25,2025-08-25,OUTLIER
36807,2026-09-09 09:50:04.490597,product_id,P999,P999,INVALID
36814,2026-09-09 09:50:04.546244,date,2025-08-24,2025-08-24,OUTLIER
36818,2026-09-09 09:50:04.583435,date,2025-09-02,2025-09-02,OUTLIER
36824,2026-09-09 09:50:04.625814,date,2025-08-27,2025-08-27,OUTLIER
36854,2026-09-09 09:50:04.801611,date,2025-08-27,2025-08-27,OUTLIER
36864,2026-09-09 09:50:04.855434,date,2025-09-08,2025-09-08,OUTLIER
36865,2026-09-09 09:50:04.861840,date,2025-09-02,2025-09-02,OUTLIER
36875,2026-09-09 09:50:04.927382,date,2025-08-30,2025-08-30,OUTLIER
36879,2026-09-09 09:50:04.951635,date,2025-08-25,2025-08-25,OUTLIER
36886,2026-09-09 09:50:04.991939,date,2026/02/25,2026-02-25,TYPE_FIXED
36900,2026-09-09 09:50:05.071502,date,2025-09-08,2025-09-08,OUTLIER
36919,2026-09-09 09:50:05.179195,date,2025-08-26,2025-08-26,OUTLIER
36920,2026-09-09 09:50:05.186560,date,2025-08-31,2025-08-31,OUTLIER
36932,2026-09-09 09:50:05.252335,date,2025-08-28,2025-08-28,OUTLIER
36946,2026-09-09 09:50:05.338595,sale_id,36946,36946,DUPLICATE
36970,2026-09-09 09:50:05.475255,total_price_rial,"75,240,000",75240000,TYPE_FIXED
37082,2026-09-09 09:50:06.394690,date,2025-09-07,2025-09-07,OUTLIER
37087,2026-09-09 09:50:06.428878,date,2025-09-02,2025-09-02,OUTLIER
37091,2026-09-09 09:50:06.456024,date,2025-09-06,2025-09-06,OUTLIER
37096,2026-09-09 09:50:06.488173,distribution_id,,,UNKNOWN
37106,2026-09-09 09:50:06.549315,date,2025-08-27,2025-08-27,OUTLIER
37111,2026-09-09 09:50:06.578751,date,2025-08-28,2025-08-28,OUTLIER
37143,2026-09-09 09:50:06.772762,date,2025-08-29,2025-08-29,OUTLIER
37143,2026-09-09 09:50:06.775948,distribution_id,,,UNKNOWN
37145,2026-09-09 09:50:06.787713,discount_percent,110,,INVALID
37145,2026-09-09 09:50:06.789048,discount_percent,,0,CALCULATED
37154,2026-09-09 09:50:06.840571,date,2025-09-06,2025-09-06,OUTLIER
37222,2026-09-09 09:50:07.290542,total_price_rial,"22,320,000",22320000,TYPE_FIXED
37247,2026-09-09 09:50:07.441546,date,2025-08-27,2025-08-27,OUTLIER
37284,2026-09-09 09:50:07.656450,date,2025-09-06,2025-09-06,OUTLIER
37299,2026-09-09 09:50:07.751267,unit_price_rial,,,MISSING
37299,2026-09-09 09:50:07.752830,unit_price_rial,,610000,CALCULATED
37307,2026-09-09 09:50:07.798531,unit_price_rial,,,MISSING
37307,2026-09-09 09:50:07.800466,unit_price_rial,,1050000,CALCULATED
37330,2026-09-09 09:50:07.950123,date,2025-08-31,2025-08-31,OUTLIER
37390,2026-09-09 09:50:08.317212,distribution_id,,,UNKNOWN
37411,2026-09-09 09:50:08.437492,date,2025-09-02,2025-09-02,OUTLIER
37417,2026-09-09 09:50:08.472886,date,2025-08-26,2025-08-26,OUTLIER
37429,2026-09-09 09:50:08.544073,total_price_rial,30412800,30412800,INCONSISTENT
37446,2026-09-09 09:50:08.645884,total_price_rial,"39,931,200",39931200,TYPE_FIXED
37472,2026-09-09 09:50:08.800176,date,2025-09-07,2025-09-07,OUTLIER
37489,2026-09-09 09:50:08.902743,product_id,P999,P999,INVALID
37501,2026-09-09 09:50:08.973368,date,2025-08-28,2025-08-28,OUTLIER
37517,2026-09-09 09:50:09.067801,date,2025-08-29,2025-08-29,OUTLIER
37529,2026-09-09 09:50:09.138286,date,2025-08-26,2025-08-26,OUTLIER
37539,2026-09-09 09:50:09.198971,date,2025-09-06,2025-09-06,OUTLIER
37547,2026-09-09 09:50:09.248524,date,2025-09-02,2025-09-02,OUTLIER
37554,2026-09-09 09:50:09.290193,date,2025/08/25,2025-08-25,TYPE_FIXED
37554,2026-09-09 09:50:09.291571,date,2025-08-25,2025-08-25,OUTLIER
37562,2026-09-09 09:50:09.339385,total_price_rial,"2,900,000",2900000,TYPE_FIXED
37564,2026-09-09 09:50:09.357007,sale_id,37564,37564,DUPLICATE
37567,2026-09-09 09:50:09.369569,date,2025-09-02,2025-09-02,OUTLIER
37606,2026-09-09 09:50:09.652059,unit_price_rial,,,MISSING
37606,2026-09-09 09:50:09.653231,unit_price_rial,,950000,CALCULATED
37634,2026-09-09 09:50:09.819642,date,2025-09-03,2025-09-03,OUTLIER
37646,2026-09-09 09:50:09.893755,quantity,-1,,INVALID
37646,2026-09-09 09:50:09.895432,quantity,,112,CALCULATED
37657,2026-09-09 09:50:09.958518,date,2025-08-26,2025-08-26,OUTLIER
37658,2026-09-09 09:50:09.971681,sale_id,37658,37658,DUPLICATE
37674,2026-09-09 09:50:10.070859,date,2025-09-03,2025-09-03,OUTLIER
37677,2026-09-09 09:50:10.099793,sale_id,37677,37677,DUPLICATE
37694,2026-09-09 09:50:10.203818,quantity,-4,,INVALID
37694,2026-09-09 09:50:10.205176,quantity,,28,CALCULATED
37734,2026-09-09 09:50:10.438720,distribution_id,,,UNKNOWN
37740,2026-09-09 09:50:10.477122,date,2025-08-29,2025-08-29,OUTLIER
37742,2026-09-09 09:50:10.488416,date,2025-09-06,2025-09-06,OUTLIER
37762,2026-09-09 09:50:10.611845,date,2026/02/21,2026-02-21,TYPE_FIXED
37763,2026-09-09 09:50:10.618964,date,2025-09-05,2025-09-05,OUTLIER
37768,2026-09-09 09:50:10.648056,date,2025-08-25,2025-08-25,OUTLIER
37769,2026-09-09 09:50:10.655526,date,2025-09-04,2025-09-04,OUTLIER
37777,2026-09-09 09:50:10.703060,date,2025-09-01,2025-09-01,OUTLIER
37786,2026-09-09 09:50:10.778739,product_id,P999,P999,INVALID
37796,2026-09-09 09:50:10.839009,distribution_id,,,UNKNOWN
37820,2026-09-09 09:50:10.970924,date,2025-08-27,2025-08-27,OUTLIER
37858,2026-09-09 09:50:11.244573,date,2026/05/09,2026-05-09,TYPE_FIXED
37896,2026-09-09 09:50:11.487694,date,2025/11/24,2025-11-24,TYPE_FIXED
37903,2026-09-09 09:50:11.541526,sale_id,37903,37903,DUPLICATE
37910,2026-09-09 09:50:11.578504,distribution_id,,,UNKNOWN
37915,2026-09-09 09:50:11.611102,date,2025-09-03,2025-09-03,OUTLIER
37927,2026-09-09 09:50:11.686145,total_price_rial,"7,056,000",7056000,TYPE_FIXED
37946,2026-09-09 09:50:11.799501,date,2025-08-28,2025-08-28,OUTLIER
38005,2026-09-09 09:50:12.190508,distribution_id,,,UNKNOWN
38012,2026-09-09 09:50:12.284151,date,2025-08-28,2025-08-28,OUTLIER
38093,2026-09-09 09:50:13.012846,date,2025-08-28,2025-08-28,OUTLIER
38098,2026-09-09 09:50:13.056799,date,2025-08-26,2025-08-26,OUTLIER
38098,2026-09-09 09:50:13.060273,unit_price_rial,,,MISSING
38098,2026-09-09 09:50:13.062437,unit_price_rial,,820000,CALCULATED
38115,2026-09-09 09:50:13.213213,date,2025-09-04,2025-09-04,OUTLIER
38147,2026-09-09 09:50:13.496739,product_id,P999,P999,INVALID
38158,2026-09-09 09:50:13.592142,date,2025-09-05,2025-09-05,OUTLIER
38170,2026-09-09 09:50:13.696373,date,2025-08-30,2025-08-30,OUTLIER
38183,2026-09-09 09:50:13.816687,sale_id,38183,38183,DUPLICATE
38187,2026-09-09 09:50:13.843276,date,2025/09/04,2025-09-04,TYPE_FIXED
38187,2026-09-09 09:50:13.845257,date,2025-09-04,2025-09-04,OUTLIER
38191,2026-09-09 09:50:13.879803,date,2025-09-01,2025-09-01,OUTLIER
38199,2026-09-09 09:50:13.956611,date,2025-08-27,2025-08-27,OUTLIER
38202,2026-09-09 09:50:13.984473,date,2025-08-31,2025-08-31,OUTLIER
38218,2026-09-09 09:50:14.129120,date,2025-09-04,2025-09-04,OUTLIER
38222,2026-09-09 09:50:14.170578,distribution_id,,,UNKNOWN
38235,2026-09-09 09:50:14.288186,date,2025-09-01,2025-09-01,OUTLIER
38288,2026-09-09 09:50:14.753777,date,2025-09-03,2025-09-03,OUTLIER
38293,2026-09-09 09:50:14.801540,date,2025-08-24,2025-08-24,OUTLIER
38297,2026-09-09 09:50:14.838187,date,2025-08-31,2025-08-31,OUTLIER
38313,2026-09-09 09:50:14.983422,date,2026/01/20,2026-01-20,TYPE_FIXED
38322,2026-09-09 09:50:15.062243,date,2025-08-26,2025-08-26,OUTLIER
38328,2026-09-09 09:50:15.114805,date,2025-08-31,2025-08-31,OUTLIER
38331,2026-09-09 09:50:15.145361,date,2025-09-04,2025-09-04,OUTLIER
38345,2026-09-09 09:50:15.274228,date,2025-08-30,2025-08-30,OUTLIER
38361,2026-09-09 09:50:15.437637,date,2025-08-28,2025-08-28,OUTLIER
38414,2026-09-09 09:50:15.936225,date,2026/08/15,2026-08-15,TYPE_FIXED
38419,2026-09-09 09:50:15.984576,distribution_id,,,UNKNOWN
38456,2026-09-09 09:50:16.333486,date,2025-09-07,2025-09-07,OUTLIER
38471,2026-09-09 09:50:16.466710,date,2025-08-28,2025-08-28,OUTLIER
38487,2026-09-09 09:50:16.615023,date,2025-08-26,2025-08-26,OUTLIER
38502,2026-09-09 09:50:16.750772,date,2025-08-31,2025-08-31,OUTLIER
38550,2026-09-09 09:50:17.183601,date,2025-08-31,2025-08-31,OUTLIER
38686,2026-09-09 09:50:18.413966,date,2025-09-06,2025-09-06,OUTLIER
38719,2026-09-09 09:50:18.722385,date,2025-09-02,2025-09-02,OUTLIER
38756,2026-09-09 09:50:19.042004,date,2025-09-08,2025-09-08,OUTLIER
38788,2026-09-09 09:50:19.324274,date,2025-08-24,2025-08-24,OUTLIER
38799,2026-09-09 09:50:19.422831,date,2025-09-08,2025-09-08,OUTLIER
38864,2026-09-09 09:50:20.077119,date,2025-09-03,2025-09-03,OUTLIER
38884,2026-09-09 09:50:20.277650,date,2026/08/05,2026-08-05,TYPE_FIXED
38897,2026-09-09 09:50:20.409097,product_id,P999,P999,INVALID
38911,2026-09-09 09:50:20.549091,date,2025-09-07,2025-09-07,OUTLIER
38917,2026-09-09 09:50:20.619727,date,2025-09-05,2025-09-05,OUTLIER
38922,2026-09-09 09:50:20.676702,total_price_rial,"45,396,000",45396000,TYPE_FIXED
38927,2026-09-09 09:50:20.719384,date,2025-09-08,2025-09-08,OUTLIER
38940,2026-09-09 09:50:20.850710,date,2025-09-06,2025-09-06,OUTLIER
38964,2026-09-09 09:50:21.111039,date,2025-08-25,2025-08-25,OUTLIER
38977,2026-09-09 09:50:21.256541,date,2025-08-28,2025-08-28,OUTLIER
39048,2026-09-09 09:50:21.977753,distribution_id,,,UNKNOWN
39051,2026-09-09 09:50:22.008571,unit_price_rial,,,MISSING
39051,2026-09-09 09:50:22.011555,unit_price_rial,,590000,CALCULATED
39062,2026-09-09 09:50:22.118857,distribution_id,,,UNKNOWN
39063,2026-09-09 09:50:22.131597,date,2025-09-05,2025-09-05,OUTLIER
39085,2026-09-09 09:50:22.364400,date,2025-09-07,2025-09-07,OUTLIER
39089,2026-09-09 09:50:22.404973,date,2025-09-02,2025-09-02,OUTLIER
39100,2026-09-09 09:50:22.526139,unit_price_rial,,,MISSING
39100,2026-09-09 09:50:22.528505,unit_price_rial,,520000,CALCULATED
39110,2026-09-09 09:50:22.654829,product_id,P999,P999,INVALID
39121,2026-09-09 09:50:22.776277,date,2025-08-30,2025-08-30,OUTLIER
39154,2026-09-09 09:50:23.146275,sale_id,39154,39154,DUPLICATE
39163,2026-09-09 09:50:23.231804,date,2025-08-31,2025-08-31,OUTLIER
39169,2026-09-09 09:50:23.299687,date,2025-09-04,2025-09-04,OUTLIER
39225,2026-09-09 09:50:23.892098,date,2025-08-31,2025-08-31,OUTLIER
39228,2026-09-09 09:50:23.933903,sale_id,39228,39228,DUPLICATE
39257,2026-09-09 09:50:24.212298,distribution_id,,,UNKNOWN
39286,2026-09-09 09:50:24.503841,date,2025-08-31,2025-08-31,OUTLIER
39288,2026-09-09 09:50:24.526867,date,2025-09-02,2025-09-02,OUTLIER
39291,2026-09-09 09:50:24.558907,date,2025-09-07,2025-09-07,OUTLIER
39301,2026-09-09 09:50:24.670716,date,2025-08-28,2025-08-28,OUTLIER
39326,2026-09-09 09:50:24.934603,date,2025-08-27,2025-08-27,OUTLIER
39327,2026-09-09 09:50:24.946552,total_price_rial,"118,146,000",118146000,TYPE_FIXED
39329,2026-09-09 09:50:24.970600,unit_price_rial,,,MISSING
39329,2026-09-09 09:50:24.973689,unit_price_rial,,1050000,CALCULATED
39331,2026-09-09 09:50:24.993759,date,2025-09-07,2025-09-07,OUTLIER
39343,2026-09-09 09:50:25.128397,quantity,-2,,INVALID
39343,2026-09-09 09:50:25.130452,quantity,,35,CALCULATED
39383,2026-09-09 09:50:25.549321,date,2025-09-07,2025-09-07,OUTLIER
39392,2026-09-09 09:50:25.648042,date,2025-09-06,2025-09-06,OUTLIER
39398,2026-09-09 09:50:25.722921,date,2025-09-02,2025-09-02,OUTLIER
39404,2026-09-09 09:50:25.793315,date,2025-08-28,2025-08-28,OUTLIER
39481,2026-09-09 09:50:26.579059,date,2025-08-30,2025-08-30,OUTLIER
39518,2026-09-09 09:50:26.985208,date,2025-08-30,2025-08-30,OUTLIER
39530,2026-09-09 09:50:27.124798,date,2026/06/18,2026-06-18,TYPE_FIXED
39543,2026-09-09 09:50:27.274116,date,2025-08-29,2025-08-29,OUTLIER
39555,2026-09-09 09:50:27.397773,quantity,-9,,INVALID
39555,2026-09-09 09:50:27.400109,quantity,,12,CALCULATED
39562,2026-09-09 09:50:27.471798,date,2025-08-25,2025-08-25,OUTLIER
39562,2026-09-09 09:50:27.474613,quantity,-6,,INVALID
39562,2026-09-09 09:50:27.477492,quantity,,38,CALCULATED
39569,2026-09-09 09:50:27.552538,date,2025-09-04,2025-09-04,OUTLIER
39569,2026-09-09 09:50:27.555688,quantity,-9,,INVALID
39569,2026-09-09 09:50:27.557177,quantity,,24,CALCULATED
39579,2026-09-09 09:50:27.653977,date,2025-09-01,2025-09-01,OUTLIER
39585,2026-09-09 09:50:27.733067,sale_id,39585,39585,DUPLICATE
39605,2026-09-09 09:50:27.914480,date,2025/12/17,2025-12-17,TYPE_FIXED
39613,2026-09-09 09:50:28.001195,date,2025-09-02,2025-09-02,OUTLIER
39620,2026-09-09 09:50:28.075717,date,2025-08-26,2025-08-26,OUTLIER
39627,2026-09-09 09:50:28.158491,quantity,-7,,INVALID
39627,2026-09-09 09:50:28.160529,quantity,,25,CALCULATED
39656,2026-09-09 09:50:28.469819,distribution_id,,,UNKNOWN
39692,2026-09-09 09:50:28.897342,date,2025-09-03,2025-09-03,OUTLIER
39699,2026-09-09 09:50:28.988094,date,2025-09-02,2025-09-02,OUTLIER
39727,2026-09-09 09:50:29.304760,quantity,-4,,INVALID
39727,2026-09-09 09:50:29.308542,quantity,,36,CALCULATED
39742,2026-09-09 09:50:29.502710,date,2025-09-06,2025-09-06,OUTLIER
39753,2026-09-09 09:50:29.614493,date,2025-08-30,2025-08-30,OUTLIER
39753,2026-09-09 09:50:29.627660,sale_id,39753,39753,DUPLICATE
39753,2026-09-09 09:50:29.629617,date,2025-08-30,2025-08-30,OUTLIER
39815,2026-09-09 09:50:30.182988,date,2025-09-04,2025-09-04,OUTLIER
39829,2026-09-09 09:50:30.308041,date,2025/12/17,2025-12-17,TYPE_FIXED
39846,2026-09-09 09:50:30.464033,date,2025-09-02,2025-09-02,OUTLIER
39848,2026-09-09 09:50:30.487977,date,2025-09-03,2025-09-03,OUTLIER
39850,2026-09-09 09:50:30.509177,date,2025-09-07,2025-09-07,OUTLIER
39862,2026-09-09 09:50:30.634325,date,2025-09-06,2025-09-06,OUTLIER
39897,2026-09-09 09:50:30.954889,distribution_id,,,UNKNOWN
39901,2026-09-09 09:50:30.991340,date,2025-08-24,2025-08-24,OUTLIER
39915,2026-09-09 09:50:31.115670,date,2025-08-29,2025-08-29,OUTLIER
39943,2026-09-09 09:50:31.375728,sale_id,39943,39943,DUPLICATE
39953,2026-09-09 09:50:31.456445,distribution_id,,,UNKNOWN
39966,2026-09-09 09:50:31.574111,distribution_id,,,UNKNOWN
39971,2026-09-09 09:50:31.622471,distribution_id,,,UNKNOWN
39972,2026-09-09 09:50:31.633346,date,2025-08-26,2025-08-26,OUTLIER
39978,2026-09-09 09:50:31.689997,distribution_id,,,UNKNOWN
39981,2026-09-09 09:50:31.718146,quantity,-8,,INVALID
39981,2026-09-09 09:50:31.720482,quantity,,37,CALCULATED
39984,2026-09-09 09:50:31.747255,date,2025-09-07,2025-09-07,OUTLIER
39995,2026-09-09 09:50:31.847710,date,2025-08-31,2025-08-31,OUTLIER
39998,2026-09-09 09:50:31.877064,date,2025-09-01,2025-09-01,OUTLIER
40047,2026-09-09 09:50:32.337327,product_id,P999,P999,INVALID
40068,2026-09-09 09:50:32.525490,date,2025-09-04,2025-09-04,OUTLIER
40113,2026-09-09 09:50:32.926141,date,2025-08-26,2025-08-26,OUTLIER
40116,2026-09-09 09:50:32.955128,date,2025-08-27,2025-08-27,OUTLIER
40118,2026-09-09 09:50:32.976211,date,2025-08-30,2025-08-30,OUTLIER
40124,2026-09-09 09:50:33.031942,date,2026/07/17,2026-07-17,TYPE_FIXED
40126,2026-09-09 09:50:33.052407,date,2025-08-28,2025-08-28,OUTLIER
40138,2026-09-09 09:50:33.167582,date,2025-09-08,2025-09-08,OUTLIER
40143,2026-09-09 09:50:33.215459,product_id,P999,P999,INVALID
40153,2026-09-09 09:50:33.309348,date,2025-08-26,2025-08-26,OUTLIER
40191,2026-09-09 09:50:33.667608,date,2025-09-02,2025-09-02,OUTLIER
40192,2026-09-09 09:50:33.679473,distribution_id,,,UNKNOWN
40215,2026-09-09 09:50:33.904064,total_price_rial,"26,723,500",26723500,TYPE_FIXED
40231,2026-09-09 09:50:34.050056,date,2025-08-24,2025-08-24,OUTLIER
40235,2026-09-09 09:50:34.090164,product_id,P999,P999,INVALID
40260,2026-09-09 09:50:34.330229,total_price_rial,8584500,8584500,INCONSISTENT
40291,2026-09-09 09:50:34.619228,quantity,-3,,INVALID
40291,2026-09-09 09:50:34.621729,quantity,,49,CALCULATED
40294,2026-09-09 09:50:34.654987,quantity,-5,,INVALID
40294,2026-09-09 09:50:34.657889,quantity,,29,CALCULATED
40297,2026-09-09 09:50:34.698142,unit_price_rial,,,MISSING
40297,2026-09-09 09:50:34.701148,unit_price_rial,,620000,CALCULATED
40310,2026-09-09 09:50:34.828482,date,2025-09-01,2025-09-01,OUTLIER
40333,2026-09-09 09:50:35.044073,date,2025-09-04,2025-09-04,OUTLIER
40338,2026-09-09 09:50:35.091810,distribution_id,,,UNKNOWN
40365,2026-09-09 09:50:35.389439,quantity,-3,,INVALID
40365,2026-09-09 09:50:35.391307,quantity,,54,CALCULATED
40378,2026-09-09 09:50:35.543496,date,2025-08-28,2025-08-28,OUTLIER
40409,2026-09-09 09:50:35.875319,date,2025-09-07,2025-09-07,OUTLIER
40431,2026-09-09 09:50:36.114783,date,2025-08-30,2025-08-30,OUTLIER
40457,2026-09-09 09:50:36.401849,date,2025-09-01,2025-09-01,OUTLIER
40474,2026-09-09 09:50:36.601458,date,2025-09-05,2025-09-05,OUTLIER
40489,2026-09-09 09:50:36.756981,unit_price_rial,,,MISSING
40489,2026-09-09 09:50:36.759924,unit_price_rial,,480000,CALCULATED
40494,2026-09-09 09:50:36.811914,quantity,-5,,INVALID
40494,2026-09-09 09:50:36.813873,quantity,,82,CALCULATED
40498,2026-09-09 09:50:36.856193,date,2025-09-01,2025-09-01,OUTLIER
40514,2026-09-09 09:50:37.030160,date,2025-09-05,2025-09-05,OUTLIER
40514,2026-09-09 09:50:37.032637,distribution_id,,,UNKNOWN
40542,2026-09-09 09:50:37.353245,date,2025-08-27,2025-08-27,OUTLIER
40558,2026-09-09 09:50:37.518610,date,2025-09-05,2025-09-05,OUTLIER
40579,2026-09-09 09:50:37.735494,date,2025-09-05,2025-09-05,OUTLIER
40620,2026-09-09 09:50:38.153551,quantity,-8,,INVALID
40620,2026-09-09 09:50:38.155968,quantity,,18,CALCULATED
40631,2026-09-09 09:50:38.275505,date,2025-09-07,2025-09-07,OUTLIER
40663,2026-09-09 09:50:38.630875,sale_id,40663,40663,DUPLICATE
40675,2026-09-09 09:50:38.750355,date,2025-09-04,2025-09-04,OUTLIER
40678,2026-09-09 09:50:38.787614,product_id,P999,P999,INVALID
40680,2026-09-09 09:50:38.813400,distribution_id,,,UNKNOWN
40681,2026-09-09 09:50:38.825186,total_price_rial,16645200,16645200,INCONSISTENT
40688,2026-09-09 09:50:38.904258,date,2025-08-29,2025-08-29,OUTLIER
40709,2026-09-09 09:50:39.139449,date,2025-08-30,2025-08-30,OUTLIER
40711,2026-09-09 09:50:39.168446,date,2025-08-28,2025-08-28,OUTLIER
40735,2026-09-09 09:50:39.445156,product_id,P999,P999,INVALID
40745,2026-09-09 09:50:39.557835,date,2025-09-06,2025-09-06,OUTLIER
40751,2026-09-09 09:50:39.621918,date,2025-08-27,2025-08-27,OUTLIER
40755,2026-09-09 09:50:39.672332,distribution_id,,,UNKNOWN
40763,2026-09-09 09:50:39.761866,sale_id,40763,40763,DUPLICATE
40768,2026-09-09 09:50:39.809340,distribution_id,,,UNKNOWN
40774,2026-09-09 09:50:39.871897,date,2025/09/28,2025-09-28,TYPE_FIXED
40779,2026-09-09 09:50:39.927953,unit_price_rial,,,MISSING
40779,2026-09-09 09:50:39.931462,unit_price_rial,,650000,CALCULATED
40786,2026-09-09 09:50:39.998320,date,2025-09-02,2025-09-02,OUTLIER
40806,2026-09-09 09:50:40.211985,distribution_id,,,UNKNOWN
40824,2026-09-09 09:50:40.394624,date,2025-08-27,2025-08-27,OUTLIER
40829,2026-09-09 09:50:40.445372,distribution_id,,,UNKNOWN
40842,2026-09-09 09:50:40.575219,date,2025-09-02,2025-09-02,OUTLIER
40851,2026-09-09 09:50:40.668119,date,2025-08-29,2025-08-29,OUTLIER
40861,2026-09-09 09:50:40.765286,date,2025-09-07,2025-09-07,OUTLIER
40872,2026-09-09 09:50:40.883454,date,2025-09-08,2025-09-08,OUTLIER
40889,2026-09-09 09:50:41.056041,date,2025-08-29,2025-08-29,OUTLIER
40901,2026-09-09 09:50:41.176799,date,2025-09-02,2025-09-02,OUTLIER
40906,2026-09-09 09:50:41.225832,date,2025-09-02,2025-09-02,OUTLIER
40908,2026-09-09 09:50:41.250311,date,2025-09-04,2025-09-04,OUTLIER
40916,2026-09-09 09:50:41.331325,date,2025-08-30,2025-08-30,OUTLIER
40944,2026-09-09 09:50:41.637388,date,2026/07/26,2026-07-26,TYPE_FIXED
40962,2026-09-09 09:50:41.831830,date,2025-08-27,2025-08-27,OUTLIER
40999,2026-09-09 09:50:42.239032,date,2025-08-24,2025-08-24,OUTLIER
40999,2026-09-09 09:50:42.242140,product_id,P999,P999,INVALID
41022,2026-09-09 09:50:42.478827,date,2025-08-28,2025-08-28,OUTLIER
41053,2026-09-09 09:50:42.787055,date,2026/02/11,2026-02-11,TYPE_FIXED
41058,2026-09-09 09:50:42.840703,date,2025-08-28,2025-08-28,OUTLIER
41059,2026-09-09 09:50:42.851542,date,2025-09-04,2025-09-04,OUTLIER
41067,2026-09-09 09:50:42.932862,date,2025-09-07,2025-09-07,OUTLIER
41074,2026-09-09 09:50:43.015916,date,2025-09-07,2025-09-07,OUTLIER
41085,2026-09-09 09:50:43.140303,product_id,P999,P999,INVALID
41098,2026-09-09 09:50:43.282359,date,2025-08-30,2025-08-30,OUTLIER
41128,2026-09-09 09:50:43.601369,date,2025-09-07,2025-09-07,OUTLIER
41140,2026-09-09 09:50:43.728669,date,2025-09-02,2025-09-02,OUTLIER
41140,2026-09-09 09:50:43.733869,quantity,-9,,INVALID
41140,2026-09-09 09:50:43.737101,quantity,,16,CALCULATED
41156,2026-09-09 09:50:43.918086,date,2025-09-07,2025-09-07,OUTLIER
41172,2026-09-09 09:50:44.082263,product_id,P999,P999,INVALID
41176,2026-09-09 09:50:44.125184,date,2025-09-01,2025-09-01,OUTLIER
41181,2026-09-09 09:50:44.181191,date,2025-09-02,2025-09-02,OUTLIER
41187,2026-09-09 09:50:44.249028,date,2025-08-30,2025-08-30,OUTLIER
41193,2026-09-09 09:50:44.314559,date,2025-09-06,2025-09-06,OUTLIER
41261,2026-09-09 09:50:45.060062,date,2025-08-27,2025-08-27,OUTLIER
41267,2026-09-09 09:50:45.132742,sale_id,41267,41267,DUPLICATE
41283,2026-09-09 09:50:45.289685,date,2025-09-06,2025-09-06,OUTLIER
41287,2026-09-09 09:50:45.345610,sale_id,41287,41287,DUPLICATE
41290,2026-09-09 09:50:45.368041,date,2025-09-06,2025-09-06,OUTLIER
41305,2026-09-09 09:50:45.513476,date,2025-09-01,2025-09-01,OUTLIER
41329,2026-09-09 09:50:45.771010,date,2025-08-25,2025-08-25,OUTLIER
41362,2026-09-09 09:50:46.101114,quantity,-9,,INVALID
41362,2026-09-09 09:50:46.103460,quantity,,38,CALCULATED
41384,2026-09-09 09:50:46.335829,date,2025-08-31,2025-08-31,OUTLIER
41403,2026-09-09 09:50:46.534623,date,2025-08-31,2025-08-31,OUTLIER
41418,2026-09-09 09:50:46.698087,date,2025-08-28,2025-08-28,OUTLIER
41444,2026-09-09 09:50:46.979666,product_id,P999,P999,INVALID
41504,2026-09-09 09:50:47.622065,date,2025-09-02,2025-09-02,OUTLIER
41505,2026-09-09 09:50:47.640510,date,2025/10/04,2025-10-04,TYPE_FIXED
41506,2026-09-09 09:50:47.654882,date,2026/01/30,2026-01-30,TYPE_FIXED
41518,2026-09-09 09:50:47.781646,date,2025-08-26,2025-08-26,OUTLIER
41529,2026-09-09 09:50:47.900459,date,2025-09-08,2025-09-08,OUTLIER
41556,2026-09-09 09:50:48.192178,date,2025-08-24,2025-08-24,OUTLIER
41574,2026-09-09 09:50:48.383627,date,2025-09-08,2025-09-08,OUTLIER
41588,2026-09-09 09:50:48.533924,discount_percent,110,,INVALID
41588,2026-09-09 09:50:48.536096,discount_percent,,4,CALCULATED
41600,2026-09-09 09:50:48.657696,total_price_rial,30856000,30856000,INCONSISTENT
41606,2026-09-09 09:50:48.719547,date,2025-08-29,2025-08-29,OUTLIER
41616,2026-09-09 09:50:48.822412,date,2025-08-30,2025-08-30,OUTLIER
41621,2026-09-09 09:50:48.878893,date,2025-09-08,2025-09-08,OUTLIER
41621,2026-09-09 09:50:48.882277,unit_price_rial,,,MISSING
41621,2026-09-09 09:50:48.884186,unit_price_rial,,790000,CALCULATED
41636,2026-09-09 09:50:49.028313,date,2025-09-03,2025-09-03,OUTLIER
41641,2026-09-09 09:50:49.084838,date,2025-08-24,2025-08-24,OUTLIER
41647,2026-09-09 09:50:49.149819,date,2025-09-02,2025-09-02,OUTLIER
41652,2026-09-09 09:50:49.209398,date,2025-08-27,2025-08-27,OUTLIER
41663,2026-09-09 09:50:49.329611,distribution_id,,,UNKNOWN
41665,2026-09-09 09:50:49.352660,date,2025-08-26,2025-08-26,OUTLIER
41686,2026-09-09 09:50:49.591969,date,2025-09-08,2025-09-08,OUTLIER
41691,2026-09-09 09:50:49.646726,total_price_rial,33750000,33750000,INCONSISTENT
41698,2026-09-09 09:50:49.726746,date,2025-08-26,2025-08-26,OUTLIER
41710,2026-09-09 09:50:49.876935,date,2025-08-31,2025-08-31,OUTLIER
41727,2026-09-09 09:50:50.065227,date,2025-08-30,2025-08-30,OUTLIER
41733,2026-09-09 09:50:50.127527,date,2025-08-24,2025-08-24,OUTLIER
41747,2026-09-09 09:50:50.259857,quantity,-5,,INVALID
41747,2026-09-09 09:50:50.262283,quantity,,10,CALCULATED
41752,2026-09-09 09:50:50.308470,date,2025-08-28,2025-08-28,OUTLIER
41772,2026-09-09 09:50:50.503666,date,2025-08-30,2025-08-30,OUTLIER
41791,2026-09-09 09:50:50.677148,date,2025-09-01,2025-09-01,OUTLIER
41792,2026-09-09 09:50:50.689083,distribution_id,,,UNKNOWN
41805,2026-09-09 09:50:50.807804,date,2025-09-02,2025-09-02,OUTLIER
41819,2026-09-09 09:50:50.946707,date,2025-09-04,2025-09-04,OUTLIER
41819,2026-09-09 09:50:50.959260,sale_id,41819,41819,DUPLICATE
41819,2026-09-09 09:50:50.961272,date,2025-09-04,2025-09-04,OUTLIER
41821,2026-09-09 09:50:50.972466,date,2025-09-04,2025-09-04,OUTLIER
41847,2026-09-09 09:50:51.216698,total_price_rial,"7,526,400",7526400,TYPE_FIXED
41848,2026-09-09 09:50:51.226908,date,2026/04/21,2026-04-21,TYPE_FIXED
41854,2026-09-09 09:50:51.285875,date,2025-09-05,2025-09-05,OUTLIER
41870,2026-09-09 09:50:51.445325,product_id,P999,P999,INVALID
41894,2026-09-09 09:50:51.662689,date,2025-09-08,2025-09-08,OUTLIER
41920,2026-09-09 09:50:51.898614,date,2025-08-28,2025-08-28,OUTLIER
41932,2026-09-09 09:50:52.011155,date,2025-08-25,2025-08-25,OUTLIER
41944,2026-09-09 09:50:52.122473,date,2025-09-01,2025-09-01,OUTLIER
41951,2026-09-09 09:50:52.189656,date,2025-08-24,2025-08-24,OUTLIER
41957,2026-09-09 09:50:52.250287,unit_price_rial,,,MISSING
41957,2026-09-09 09:50:52.252616,unit_price_rial,,820000,CALCULATED
41959,2026-09-09 09:50:52.272523,date,2025-08-24,2025-08-24,OUTLIER
41964,2026-09-09 09:50:52.318244,date,2025-09-05,2025-09-05,OUTLIER
41973,2026-09-09 09:50:52.405467,distribution_id,,,UNKNOWN
41988,2026-09-09 09:50:52.548271,date,2025-09-04,2025-09-04,OUTLIER
41989,2026-09-09 09:50:52.560384,date,2025-08-31,2025-08-31,OUTLIER
41992,2026-09-09 09:50:52.592755,date,2025-08-26,2025-08-26,OUTLIER
42009,2026-09-09 09:50:52.753754,date,2025-08-26,2025-08-26,OUTLIER
42015,2026-09-09 09:50:52.815791,date,2025-09-03,2025-09-03,OUTLIER
42026,2026-09-09 09:50:52.946030,sale_id,42026,42026,DUPLICATE
42040,2026-09-09 09:50:53.074369,total_price_rial,23293200,23293200,INCONSISTENT
42043,2026-09-09 09:50:53.105082,date,2025-09-03,2025-09-03,OUTLIER
42070,2026-09-09 09:50:53.364810,date,2025-08-25,2025-08-25,OUTLIER
42089,2026-09-09 09:50:53.555620,product_id,P999,P999,INVALID
42098,2026-09-09 09:50:53.659453,sale_id,42098,42098,DUPLICATE
42107,2026-09-09 09:50:53.743245,date,2025-09-05,2025-09-05,OUTLIER
42115,2026-09-09 09:50:53.838749,date,2025-09-08,2025-09-08,OUTLIER
42115,2026-09-09 09:50:53.843718,quantity,-3,,INVALID
42115,2026-09-09 09:50:53.846203,quantity,,75,CALCULATED
42129,2026-09-09 09:50:54.034908,date,2025-08-31,2025-08-31,OUTLIER
42150,2026-09-09 09:50:54.253836,distribution_id,,,UNKNOWN
42154,2026-09-09 09:50:54.294906,date,2025-09-06,2025-09-06,OUTLIER
42157,2026-09-09 09:50:54.325685,date,2025-08-31,2025-08-31,OUTLIER
42165,2026-09-09 09:50:54.413615,date,2025-09-03,2025-09-03,OUTLIER
42168,2026-09-09 09:50:54.456651,sale_id,42168,42168,DUPLICATE
42170,2026-09-09 09:50:54.471849,date,2025-08-24,2025-08-24,OUTLIER
42199,2026-09-09 09:50:54.772342,distribution_id,,,UNKNOWN
42208,2026-09-09 09:50:54.871153,date,2025-08-31,2025-08-31,OUTLIER
42209,2026-09-09 09:50:54.882628,date,2025-08-28,2025-08-28,OUTLIER
42225,2026-09-09 09:50:55.050490,product_id,P999,P999,INVALID
42269,2026-09-09 09:50:55.529312,date,2025-08-24,2025-08-24,OUTLIER
42285,2026-09-09 09:50:55.726109,date,2025-08-27,2025-08-27,OUTLIER
42290,2026-09-09 09:50:55.784019,date,2025-08-27,2025-08-27,OUTLIER
42299,2026-09-09 09:50:55.900074,sale_id,42299,42299,DUPLICATE
42318,2026-09-09 09:50:56.104303,date,2025-08-24,2025-08-24,OUTLIER
42346,2026-09-09 09:50:56.431785,date,2025-08-25,2025-08-25,OUTLIER
42375,2026-09-09 09:50:56.773332,date,2025-09-07,2025-09-07,OUTLIER
42377,2026-09-09 09:50:56.801632,date,2025-08-31,2025-08-31,OUTLIER
42404,2026-09-09 09:50:57.110516,date,2025-08-29,2025-08-29,OUTLIER
42424,2026-09-09 09:50:57.348703,date,2025-09-07,2025-09-07,OUTLIER
42427,2026-09-09 09:50:57.389326,date,2025-09-03,2025-09-03,OUTLIER
42434,2026-09-09 09:50:57.461242,date,2025-09-06,2025-09-06,OUTLIER
42451,2026-09-09 09:50:57.670411,date,2025-09-06,2025-09-06,OUTLIER
42469,2026-09-09 09:50:57.882327,date,2025-09-05,2025-09-05,OUTLIER
42476,2026-09-09 09:50:57.972158,total_price_rial,"41,712,000",41712000,TYPE_FIXED
42482,2026-09-09 09:50:58.044945,date,2025-08-29,2025-08-29,OUTLIER
42499,2026-09-09 09:50:58.245374,date,2026/07/30,2026-07-30,TYPE_FIXED
42540,2026-09-09 09:50:58.725580,date,2026/05/10,2026-05-10,TYPE_FIXED
42548,2026-09-09 09:50:58.813535,date,2025-08-31,2025-08-31,OUTLIER
42561,2026-09-09 09:50:58.967336,date,2026/03/22,2026-03-22,TYPE_FIXED
42569,2026-09-09 09:50:59.054798,date,2025-09-01,2025-09-01,OUTLIER
42571,2026-09-09 09:50:59.079703,date,2025-08-26,2025-08-26,OUTLIER
42608,2026-09-09 09:50:59.507037,date,2025-08-27,2025-08-27,OUTLIER
42610,2026-09-09 09:50:59.532688,date,2025-08-24,2025-08-24,OUTLIER
42611,2026-09-09 09:50:59.547225,date,2025-09-08,2025-09-08,OUTLIER
42616,2026-09-09 09:50:59.601187,date,2025-09-03,2025-09-03,OUTLIER
42630,2026-09-09 09:50:59.762188,date,2025/09/16,2025-09-16,TYPE_FIXED
42632,2026-09-09 09:50:59.786394,discount_percent,110,,INVALID
42632,2026-09-09 09:50:59.790156,discount_percent,,0,CALCULATED
42637,2026-09-09 09:50:59.843089,distribution_id,,,UNKNOWN
42641,2026-09-09 09:50:59.896318,product_id,P999,P999,INVALID
42653,2026-09-09 09:51:00.027322,date,2025-09-03,2025-09-03,OUTLIER
42679,2026-09-09 09:51:00.323236,date,2025-09-02,2025-09-02,OUTLIER
42682,2026-09-09 09:51:00.364527,distribution_id,,,UNKNOWN
42688,2026-09-09 09:51:00.442464,distribution_id,,,UNKNOWN
42704,2026-09-09 09:51:00.626457,date,2025-09-06,2025-09-06,OUTLIER
42717,2026-09-09 09:51:00.781000,product_id,P999,P999,INVALID
42758,2026-09-09 09:51:01.258598,date,2025-09-08,2025-09-08,OUTLIER
42761,2026-09-09 09:51:01.329401,quantity,-10,,INVALID
42761,2026-09-09 09:51:01.334149,quantity,,50,CALCULATED
42770,2026-09-09 09:51:01.446358,date,2025-08-25,2025-08-25,OUTLIER
42770,2026-09-09 09:51:01.460692,sale_id,42770,42770,DUPLICATE
42770,2026-09-09 09:51:01.462966,date,2025-08-25,2025-08-25,OUTLIER
42776,2026-09-09 09:51:01.526369,date,2025-08-31,2025-08-31,OUTLIER
42779,2026-09-09 09:51:01.572582,total_price_rial,"3,181,600",3181600,TYPE_FIXED
42795,2026-09-09 09:51:01.754556,date,2025-09-05,2025-09-05,OUTLIER
42798,2026-09-09 09:51:01.794672,date,2025-08-31,2025-08-31,OUTLIER
42802,2026-09-09 09:51:01.840777,date,2025-09-05,2025-09-05,OUTLIER
42848,2026-09-09 09:51:02.343752,total_price_rial,"8,400,000",8400000,TYPE_FIXED
42864,2026-09-09 09:51:02.538190,date,2025-09-06,2025-09-06,OUTLIER
42906,2026-09-09 09:51:03.024347,date,2025-08-28,2025-08-28,OUTLIER
42914,2026-09-09 09:51:03.126911,sale_id,42914,42914,DUPLICATE
42922,2026-09-09 09:51:03.203671,distribution_id,,,UNKNOWN
42939,2026-09-09 09:51:03.385740,date,2025-09-04,2025-09-04,OUTLIER
42941,2026-09-09 09:51:03.410793,date,2025-09-06,2025-09-06,OUTLIER
42946,2026-09-09 09:51:03.476139,date,2025-08-29,2025-08-29,OUTLIER
42965,2026-09-09 09:51:03.720535,sale_id,42965,42965,DUPLICATE
42979,2026-09-09 09:51:03.882834,quantity,-9,,INVALID
42979,2026-09-09 09:51:03.885804,quantity,,125,CALCULATED
42985,2026-09-09 09:51:03.953037,date,2025-09-03,2025-09-03,OUTLIER
42987,2026-09-09 09:51:03.975309,date,2025-08-29,2025-08-29,OUTLIER
43002,2026-09-09 09:51:04.153978,distribution_id,,,UNKNOWN
43021,2026-09-09 09:51:04.375815,date,2025-08-25,2025-08-25,OUTLIER
43036,2026-09-09 09:51:04.537618,date,2026/06/15,2026-06-15,TYPE_FIXED
43046,2026-09-09 09:51:04.651788,date,2025-08-31,2025-08-31,OUTLIER
43101,2026-09-09 09:51:05.289606,date,2025-08-24,2025-08-24,OUTLIER
43127,2026-09-09 09:51:05.587900,date,2025-09-07,2025-09-07,OUTLIER
43132,2026-09-09 09:51:05.645428,date,2025-09-06,2025-09-06,OUTLIER
43133,2026-09-09 09:51:05.659373,date,2025-09-03,2025-09-03,OUTLIER
43137,2026-09-09 09:51:05.713170,date,2025-09-01,2025-09-01,OUTLIER
43138,2026-09-09 09:51:05.724372,date,2025-08-27,2025-08-27,OUTLIER
43154,2026-09-09 09:51:05.918018,date,2025-08-29,2025-08-29,OUTLIER
43167,2026-09-09 09:51:06.075816,date,2026/05/12,2026-05-12,TYPE_FIXED
43171,2026-09-09 09:51:06.126439,date,2025-08-28,2025-08-28,OUTLIER
43173,2026-09-09 09:51:06.155163,date,2025-09-01,2025-09-01,OUTLIER
43177,2026-09-09 09:51:06.204399,date,2025-08-24,2025-08-24,OUTLIER
43180,2026-09-09 09:51:06.237695,date,2025-09-02,2025-09-02,OUTLIER
43183,2026-09-09 09:51:06.272802,date,2025-09-08,2025-09-08,OUTLIER
43233,2026-09-09 09:51:06.859557,date,2025-08-26,2025-08-26,OUTLIER
43285,2026-09-09 09:51:07.495577,date,2025-09-02,2025-09-02,OUTLIER
43325,2026-09-09 09:51:07.965253,product_id,P999,P999,INVALID
43332,2026-09-09 09:51:08.038418,date,2025-09-08,2025-09-08,OUTLIER
43337,2026-09-09 09:51:08.092823,distribution_id,,,UNKNOWN
43338,2026-09-09 09:51:08.105718,date,2025-09-07,2025-09-07,OUTLIER
43361,2026-09-09 09:51:08.361630,distribution_id,,,UNKNOWN
43398,2026-09-09 09:51:08.780833,date,2025-08-25,2025-08-25,OUTLIER
43433,2026-09-09 09:51:09.199785,date,2025-08-25,2025-08-25,OUTLIER
43436,2026-09-09 09:51:09.236570,date,2025-09-05,2025-09-05,OUTLIER
43450,2026-09-09 09:51:09.400897,date,2025-08-31,2025-08-31,OUTLIER
43451,2026-09-09 09:51:09.413442,date,2026/01/24,2026-01-24,TYPE_FIXED
43462,2026-09-09 09:51:09.543638,date,2025-09-01,2025-09-01,OUTLIER
43489,2026-09-09 09:51:09.833337,total_price_rial,"91,791,000",91791000,TYPE_FIXED
43498,2026-09-09 09:51:09.925518,date,2026/08/05,2026-08-05,TYPE_FIXED
43526,2026-09-09 09:51:10.250053,date,2025-09-05,2025-09-05,OUTLIER
43536,2026-09-09 09:51:10.364026,date,2025-08-29,2025-08-29,OUTLIER
43593,2026-09-09 09:51:11.025977,total_price_rial,"85,405,000",85405000,TYPE_FIXED
43623,2026-09-09 09:51:11.365142,distribution_id,,,UNKNOWN
43642,2026-09-09 09:51:11.581397,date,2025-09-06,2025-09-06,OUTLIER
43652,2026-09-09 09:51:11.695194,date,2025-08-28,2025-08-28,OUTLIER
43660,2026-09-09 09:51:11.797024,date,2025-09-04,2025-09-04,OUTLIER
43677,2026-09-09 09:51:12.003125,unit_price_rial,,,MISSING
43677,2026-09-09 09:51:12.005813,unit_price_rial,,850000,CALCULATED
43682,2026-09-09 09:51:12.063509,date,2025-08-31,2025-08-31,OUTLIER
43705,2026-09-09 09:51:12.333335,date,2025-09-01,2025-09-01,OUTLIER
43712,2026-09-09 09:51:12.412226,date,2025-08-25,2025-08-25,OUTLIER
43751,2026-09-09 09:51:12.845017,distribution_id,,,UNKNOWN
43770,2026-09-09 09:51:13.076112,sale_id,43770,43770,DUPLICATE
43775,2026-09-09 09:51:13.123485,date,2025-08-24,2025-08-24,OUTLIER
43779,2026-09-09 09:51:13.176347,distribution_id,,,UNKNOWN
43787,2026-09-09 09:51:13.274789,date,2025-09-08,2025-09-08,OUTLIER
43789,2026-09-09 09:51:13.299122,date,2025-08-31,2025-08-31,OUTLIER
43789,2026-09-09 09:51:13.310238,sale_id,43789,43789,DUPLICATE
43789,2026-09-09 09:51:13.313348,date,2025-08-31,2025-08-31,OUTLIER
43817,2026-09-09 09:51:13.636063,date,2025-09-08,2025-09-08,OUTLIER
43836,2026-09-09 09:51:13.855276,date,2025-09-05,2025-09-05,OUTLIER
43858,2026-09-09 09:51:14.129737,date,2025-08-28,2025-08-28,OUTLIER
43871,2026-09-09 09:51:14.271791,date,2025-09-01,2025-09-01,OUTLIER
43888,2026-09-09 09:51:14.470377,date,2025-09-08,2025-09-08,OUTLIER
43927,2026-09-09 09:51:14.917596,date,2025-09-08,2025-09-08,OUTLIER
43937,2026-09-09 09:51:15.039788,date,2025-09-01,2025-09-01,OUTLIER
43940,2026-09-09 09:51:15.079852,date,2025-08-28,2025-08-28,OUTLIER
44002,2026-09-09 09:51:15.778657,date,2025-09-02,2025-09-02,OUTLIER
44030,2026-09-09 09:51:16.106144,product_id,P999,P999,INVALID
44057,2026-09-09 09:51:16.416343,date,2025-08-24,2025-08-24,OUTLIER
44058,2026-09-09 09:51:16.430504,quantity,-3,,INVALID
44058,2026-09-09 09:51:16.433597,quantity,,75,CALCULATED
44060,2026-09-09 09:51:16.458928,date,2025-08-29,2025-08-29,OUTLIER
44066,2026-09-09 09:51:16.534904,date,2025-08-31,2025-08-31,OUTLIER
44094,2026-09-09 09:51:16.866927,date,2025-08-29,2025-08-29,OUTLIER
44110,2026-09-09 09:51:17.049797,date,2025-09-05,2025-09-05,OUTLIER
44140,2026-09-09 09:51:17.394960,date,2025-09-08,2025-09-08,OUTLIER
44158,2026-09-09 09:51:17.602057,date,2025-08-28,2025-08-28,OUTLIER
44180,2026-09-09 09:51:17.859534,date,2025-08-28,2025-08-28,OUTLIER
44181,2026-09-09 09:51:17.871684,date,2025-08-25,2025-08-25,OUTLIER
44201,2026-09-09 09:51:18.088109,date,2025-08-31,2025-08-31,OUTLIER
44204,2026-09-09 09:51:18.127374,quantity,-9,,INVALID
44204,2026-09-09 09:51:18.129694,quantity,,12,CALCULATED
44205,2026-09-09 09:51:18.140438,date,2025-08-25,2025-08-25,OUTLIER
44208,2026-09-09 09:51:18.179199,date,2025-08-29,2025-08-29,OUTLIER
44234,2026-09-09 09:51:18.493146,date,2025/12/07,2025-12-07,TYPE_FIXED
44247,2026-09-09 09:51:18.638237,date,2025-08-29,2025-08-29,OUTLIER
44260,2026-09-09 09:51:18.800293,product_id,P999,P999,INVALID
44262,2026-09-09 09:51:18.827291,date,2025-08-27,2025-08-27,OUTLIER
44273,2026-09-09 09:51:18.965712,date,2025-08-26,2025-08-26,OUTLIER
44276,2026-09-09 09:51:19.002969,date,2026/02/19,2026-02-19,TYPE_FIXED
44277,2026-09-09 09:51:19.016625,date,2025-09-02,2025-09-02,OUTLIER
44279,2026-09-09 09:51:19.040387,date,2025/09/13,2025-09-13,TYPE_FIXED
44288,2026-09-09 09:51:19.136718,date,2025-09-08,2025-09-08,OUTLIER
44316,2026-09-09 09:51:19.481420,date,2025-08-29,2025-08-29,OUTLIER
44333,2026-09-09 09:51:19.673546,date,2025-08-28,2025-08-28,OUTLIER
44334,2026-09-09 09:51:19.687477,product_id,P999,P999,INVALID
44348,2026-09-09 09:51:19.842642,date,2025-09-05,2025-09-05,OUTLIER
44362,2026-09-09 09:51:20.013027,product_id,P999,P999,INVALID
44363,2026-09-09 09:51:20.024528,date,2026/03/08,2026-03-08,TYPE_FIXED
44366,2026-09-09 09:51:20.060777,date,2025-09-05,2025-09-05,OUTLIER
44372,2026-09-09 09:51:20.125432,date,2025-09-01,2025-09-01,OUTLIER
44375,2026-09-09 09:51:20.163830,date,2025-08-29,2025-08-29,OUTLIER
44377,2026-09-09 09:51:20.188022,date,2025-09-02,2025-09-02,OUTLIER
44412,2026-09-09 09:51:20.596666,date,2025-08-29,2025-08-29,OUTLIER
44415,2026-09-09 09:51:20.636032,product_id,P999,P999,INVALID
44416,2026-09-09 09:51:20.649223,date,2025-08-28,2025-08-28,OUTLIER
44417,2026-09-09 09:51:20.664264,date,2025-08-28,2025-08-28,OUTLIER
44421,2026-09-09 09:51:20.714016,date,2025-09-05,2025-09-05,OUTLIER
44422,2026-09-09 09:51:20.726698,date,2025-09-04,2025-09-04,OUTLIER
44426,2026-09-09 09:51:20.786107,date,2025-09-01,2025-09-01,OUTLIER
44436,2026-09-09 09:51:20.907281,date,2025-08-26,2025-08-26,OUTLIER
44467,2026-09-09 09:51:21.276799,date,2025-08-24,2025-08-24,OUTLIER
44503,2026-09-09 09:51:21.724583,date,2025-09-03,2025-09-03,OUTLIER
44511,2026-09-09 09:51:21.816699,date,2025-09-07,2025-09-07,OUTLIER
44516,2026-09-09 09:51:21.874114,date,2025-09-05,2025-09-05,OUTLIER
44539,2026-09-09 09:51:22.155658,date,2025-09-08,2025-09-08,OUTLIER
44545,2026-09-09 09:51:22.227138,date,2025-09-06,2025-09-06,OUTLIER
44561,2026-09-09 09:51:22.426312,quantity,-8,,INVALID
44561,2026-09-09 09:51:22.429478,quantity,,75,CALCULATED
44591,2026-09-09 09:51:22.795857,sale_id,44591,44591,DUPLICATE
44634,2026-09-09 09:51:23.258760,distribution_id,,,UNKNOWN
44646,2026-09-09 09:51:23.396126,date,2025-09-08,2025-09-08,OUTLIER
44656,2026-09-09 09:51:23.505717,date,2025-09-05,2025-09-05,OUTLIER
44671,2026-09-09 09:51:23.699418,date,2025-09-08,2025-09-08,OUTLIER
44685,2026-09-09 09:51:23.862396,date,2025-09-02,2025-09-02,OUTLIER
44701,2026-09-09 09:51:24.061872,date,2025-09-02,2025-09-02,OUTLIER
44725,2026-09-09 09:51:24.347839,date,2025-08-27,2025-08-27,OUTLIER
44740,2026-09-09 09:51:24.530099,date,2025-09-03,2025-09-03,OUTLIER
44756,2026-09-09 09:51:24.719055,date,2025-09-04,2025-09-04,OUTLIER
44809,2026-09-09 09:51:25.335185,product_id,P999,P999,INVALID
44865,2026-09-09 09:51:26.025643,date,2025-09-04,2025-09-04,OUTLIER
44882,2026-09-09 09:51:26.225461,total_price_rial,"29,817,800",29817800,TYPE_FIXED
44893,2026-09-09 09:51:26.364862,date,2025-09-02,2025-09-02,OUTLIER
44897,2026-09-09 09:51:26.412285,distribution_id,,,UNKNOWN
44898,2026-09-09 09:51:26.426963,date,2025-08-31,2025-08-31,OUTLIER
44900,2026-09-09 09:51:26.469466,sale_id,44900,44900,DUPLICATE
44939,2026-09-09 09:51:26.913862,date,2025-09-05,2025-09-05,OUTLIER
44941,2026-09-09 09:51:26.940895,date,2025-08-27,2025-08-27,OUTLIER
44961,2026-09-09 09:51:27.192045,date,2025-08-26,2025-08-26,OUTLIER
44982,2026-09-09 09:51:27.441678,distribution_id,,,UNKNOWN
44995,2026-09-09 09:51:27.592975,distribution_id,,,UNKNOWN
45002,2026-09-09 09:51:27.675312,date,2025-09-03,2025-09-03,OUTLIER
45036,2026-09-09 09:51:28.089914,product_id,P999,P999,INVALID
45053,2026-09-09 09:51:28.275392,distribution_id,,,UNKNOWN
45070,2026-09-09 09:51:28.475531,unit_price_rial,,,MISSING
45070,2026-09-09 09:51:28.477799,unit_price_rial,,850000,CALCULATED
45094,2026-09-09 09:51:28.771353,date,2025-09-04,2025-09-04,OUTLIER
45102,2026-09-09 09:51:28.856507,unit_price_rial,,,MISSING
45102,2026-09-09 09:51:28.859276,unit_price_rial,,1250000,CALCULATED
45106,2026-09-09 09:51:28.907980,date,2025-09-08,2025-09-08,OUTLIER
45114,2026-09-09 09:51:29.003890,date,2025-09-06,2025-09-06,OUTLIER
45122,2026-09-09 09:51:29.102992,date,2025-09-02,2025-09-02,OUTLIER
45158,2026-09-09 09:51:29.534828,date,2025-08-24,2025-08-24,OUTLIER
45180,2026-09-09 09:51:29.796510,product_id,P999,P999,INVALID
45202,2026-09-09 09:51:30.088223,unit_price_rial,,,MISSING
45202,2026-09-09 09:51:30.091412,unit_price_rial,,620000,CALCULATED
45227,2026-09-09 09:51:30.382754,date,2025-08-24,2025-08-24,OUTLIER
45235,2026-09-09 09:51:30.482230,date,2026/02/20,2026-02-20,TYPE_FIXED
45266,2026-09-09 09:51:30.831839,date,2025-09-01,2025-09-01,OUTLIER
45306,2026-09-09 09:51:31.285417,date,2025-08-31,2025-08-31,OUTLIER
45311,2026-09-09 09:51:31.336073,date,2025-08-30,2025-08-30,OUTLIER
45331,2026-09-09 09:51:31.578093,date,2025-08-26,2025-08-26,OUTLIER
45343,2026-09-09 09:51:31.715645,date,2025-08-26,2025-08-26,OUTLIER
45344,2026-09-09 09:51:31.729942,date,2025/09/29,2025-09-29,TYPE_FIXED
45374,2026-09-09 09:51:32.094860,date,2025-08-30,2025-08-30,OUTLIER
45386,2026-09-09 09:51:32.223898,date,2025-09-07,2025-09-07,OUTLIER
45423,2026-09-09 09:51:32.675624,discount_percent,110,,INVALID
45423,2026-09-09 09:51:32.677916,discount_percent,,5,CALCULATED
45436,2026-09-09 09:51:32.830892,distribution_id,,,UNKNOWN
45442,2026-09-09 09:51:32.906351,date,2025-09-03,2025-09-03,OUTLIER
45447,2026-09-09 09:51:32.965990,date,2025-08-30,2025-08-30,OUTLIER
45477,2026-09-09 09:51:33.310279,date,2026/04/05,2026-04-05,TYPE_FIXED
45493,2026-09-09 09:51:33.495413,distribution_id,,,UNKNOWN
45497,2026-09-09 09:51:33.554983,sale_id,45497,45497,DUPLICATE
45531,2026-09-09 09:51:33.922325,date,2025-08-27,2025-08-27,OUTLIER
45536,2026-09-09 09:51:33.980471,date,2025-08-28,2025-08-28,OUTLIER
45549,2026-09-09 09:51:34.134094,date,2025-09-04,2025-09-04,OUTLIER
45558,2026-09-09 09:51:34.240282,date,2025-08-27,2025-08-27,OUTLIER
45559,2026-09-09 09:51:34.251361,date,2025-08-24,2025-08-24,OUTLIER
45561,2026-09-09 09:51:34.272274,date,2025-09-06,2025-09-06,OUTLIER
45583,2026-09-09 09:51:34.522528,date,2025-09-03,2025-09-03,OUTLIER
45587,2026-09-09 09:51:34.569172,date,2025-08-27,2025-08-27,OUTLIER
45587,2026-09-09 09:51:34.574043,total_price_rial,"69,985,500",69985500,TYPE_FIXED
45594,2026-09-09 09:51:34.653760,total_price_rial,"40,507,200",40507200,TYPE_FIXED
45595,2026-09-09 09:51:34.665166,date,2025-09-07,2025-09-07,OUTLIER
45632,2026-09-09 09:51:35.078740,date,2025-09-05,2025-09-05,OUTLIER
45644,2026-09-09 09:51:35.214411,product_id,P999,P999,INVALID
45652,2026-09-09 09:51:35.313953,date,2025-09-01,2025-09-01,OUTLIER
45663,2026-09-09 09:51:35.447207,date,2025/10/25,2025-10-25,TYPE_FIXED
45718,2026-09-09 09:51:36.084175,date,2025-09-07,2025-09-07,OUTLIER
45730,2026-09-09 09:51:36.217267,distribution_id,,,UNKNOWN
45756,2026-09-09 09:51:36.497754,date,2025-09-06,2025-09-06,OUTLIER
45768,2026-09-09 09:51:36.642775,date,2025-08-31,2025-08-31,OUTLIER
45780,2026-09-09 09:51:36.792345,date,2025-09-07,2025-09-07,OUTLIER
45821,2026-09-09 09:51:37.290162,product_id,P999,P999,INVALID
45824,2026-09-09 09:51:37.328118,date,2025-08-24,2025-08-24,OUTLIER
45827,2026-09-09 09:51:37.368394,date,2025-08-31,2025-08-31,OUTLIER
45842,2026-09-09 09:51:37.535741,date,2025-09-03,2025-09-03,OUTLIER
45887,2026-09-09 09:51:38.067896,sale_id,45887,45887,DUPLICATE
45901,2026-09-09 09:51:38.218989,date,2025-09-03,2025-09-03,OUTLIER
45905,2026-09-09 09:51:38.272893,date,2025-09-02,2025-09-02,OUTLIER
45970,2026-09-09 09:51:39.051348,sale_id,45970,45970,DUPLICATE
45990,2026-09-09 09:51:39.264596,date,2025-09-02,2025-09-02,OUTLIER
46069,2026-09-09 09:51:40.162325,date,2025-08-28,2025-08-28,OUTLIER
46069,2026-09-09 09:51:40.167823,unit_price_rial,,,MISSING
46069,2026-09-09 09:51:40.171578,unit_price_rial,,480000,CALCULATED
46075,2026-09-09 09:51:40.246105,date,2025-08-27,2025-08-27,OUTLIER
46095,2026-09-09 09:51:40.487260,date,2025-09-08,2025-09-08,OUTLIER
46099,2026-09-09 09:51:40.537402,distribution_id,,,UNKNOWN
46107,2026-09-09 09:51:40.632511,date,2025-09-01,2025-09-01,OUTLIER
46145,2026-09-09 09:51:41.104939,date,2025-09-06,2025-09-06,OUTLIER
46147,2026-09-09 09:51:41.136513,date,2025-08-28,2025-08-28,OUTLIER
46153,2026-09-09 09:51:41.222702,sale_id,46153,46153,DUPLICATE
46174,2026-09-09 09:51:41.463326,date,2025-08-30,2025-08-30,OUTLIER
46174,2026-09-09 09:51:41.466900,quantity,-5,,INVALID
46174,2026-09-09 09:51:41.468691,quantity,,10,CALCULATED
46179,2026-09-09 09:51:41.521272,date,2025-08-25,2025-08-25,OUTLIER
46188,2026-09-09 09:51:41.634148,product_id,P999,P999,INVALID
46192,2026-09-09 09:51:41.693236,date,2026/04/14,2026-04-14,TYPE_FIXED
46200,2026-09-09 09:51:41.790035,unit_price_rial,,,MISSING
46200,2026-09-09 09:51:41.793129,unit_price_rial,,480000,CALCULATED
46209,2026-09-09 09:51:41.898790,date,2025-09-04,2025-09-04,OUTLIER
46253,2026-09-09 09:51:42.418108,date,2025-09-06,2025-09-06,OUTLIER
46267,2026-09-09 09:51:42.601601,date,2025-08-27,2025-08-27,OUTLIER
46285,2026-09-09 09:51:42.838324,date,2025-09-04,2025-09-04,OUTLIER
46298,2026-09-09 09:51:42.986981,date,2025-09-08,2025-09-08,OUTLIER
46318,2026-09-09 09:51:43.231808,sale_id,46318,46318,DUPLICATE
46326,2026-09-09 09:51:43.319222,date,2025-09-03,2025-09-03,OUTLIER
46349,2026-09-09 09:51:43.608068,date,2025-09-02,2025-09-02,OUTLIER
46360,2026-09-09 09:51:43.743609,date,2025-08-29,2025-08-29,OUTLIER
46391,2026-09-09 09:51:44.098794,total_price_rial,153972000,153972000,INCONSISTENT
46409,2026-09-09 09:51:44.314574,date,2025-08-26,2025-08-26,OUTLIER
46423,2026-09-09 09:51:44.474724,date,2025-08-30,2025-08-30,OUTLIER
46444,2026-09-09 09:51:44.713037,date,2025-08-25,2025-08-25,OUTLIER
46450,2026-09-09 09:51:44.789225,total_price_rial,46531000,46531000,INCONSISTENT
46464,2026-09-09 09:51:44.955317,date,2025-09-04,2025-09-04,OUTLIER
46479,2026-09-09 09:51:45.138979,product_id,P999,P999,INVALID
46491,2026-09-09 09:51:45.287572,date,2026/04/03,2026-04-03,TYPE_FIXED
46511,2026-09-09 09:51:45.533452,date,2026/07/15,2026-07-15,TYPE_FIXED
46525,2026-09-09 09:51:45.698002,date,2025-08-28,2025-08-28,OUTLIER
46530,2026-09-09 09:51:45.753985,date,2025-08-25,2025-08-25,OUTLIER
46541,2026-09-09 09:51:45.889545,date,2025-09-03,2025-09-03,OUTLIER
46546,2026-09-09 09:51:45.949574,distribution_id,,,UNKNOWN
46588,2026-09-09 09:51:46.446956,date,2025-08-25,2025-08-25,OUTLIER
46590,2026-09-09 09:51:46.476902,unit_price_rial,,,MISSING
46590,2026-09-09 09:51:46.478921,unit_price_rial,,720000,CALCULATED
46628,2026-09-09 09:51:46.916104,date,2025-08-26,2025-08-26,OUTLIER
46646,2026-09-09 09:51:47.130978,distribution_id,,,UNKNOWN
46648,2026-09-09 09:51:47.159184,date,2025-09-08,2025-09-08,OUTLIER
46662,2026-09-09 09:51:47.327233,distribution_id,,,UNKNOWN
46688,2026-09-09 09:51:47.626525,date,2025/09/24,2025-09-24,TYPE_FIXED
46689,2026-09-09 09:51:47.642593,date,2025-09-06,2025-09-06,OUTLIER
46691,2026-09-09 09:51:47.666564,date,2025-08-29,2025-08-29,OUTLIER
46722,2026-09-09 09:51:48.019982,date,2025-08-29,2025-08-29,OUTLIER
46738,2026-09-09 09:51:48.225097,date,2026/02/06,2026-02-06,TYPE_FIXED
46752,2026-09-09 09:51:48.391506,date,2025-08-28,2025-08-28,OUTLIER
46800,2026-09-09 09:51:48.958167,date,2025-08-31,2025-08-31,OUTLIER
46808,2026-09-09 09:51:49.054601,date,2025-08-30,2025-08-30,OUTLIER
46815,2026-09-09 09:51:49.141919,total_price_rial,11936400,11936400,INCONSISTENT
46817,2026-09-09 09:51:49.164152,date,2025-09-07,2025-09-07,OUTLIER
46832,2026-09-09 09:51:49.334651,date,2025-09-08,2025-09-08,OUTLIER
46851,2026-09-09 09:51:49.565873,quantity,-3,,INVALID
46851,2026-09-09 09:51:49.568502,quantity,,61,CALCULATED
46855,2026-09-09 09:51:49.615358,product_id,P999,P999,INVALID
46856,2026-09-09 09:51:49.628488,total_price_rial,"10,270,000",10270000,TYPE_FIXED
46859,2026-09-09 09:51:49.663162,date,2025-08-30,2025-08-30,OUTLIER
46907,2026-09-09 09:51:50.234267,date,2025-08-30,2025-08-30,OUTLIER
46921,2026-09-09 09:51:50.404045,total_price_rial,27063000,27063000,INCONSISTENT
46933,2026-09-09 09:51:50.535958,date,2025-08-27,2025-08-27,OUTLIER
46945,2026-09-09 09:51:50.676995,date,2025-09-05,2025-09-05,OUTLIER
46978,2026-09-09 09:51:51.074883,date,2025-09-05,2025-09-05,OUTLIER
46990,2026-09-09 09:51:51.216190,date,2025-08-25,2025-08-25,OUTLIER
46998,2026-09-09 09:51:51.319924,date,2025-09-05,2025-09-05,OUTLIER
47007,2026-09-09 09:51:51.439081,sale_id,47007,47007,DUPLICATE
47011,2026-09-09 09:51:51.494080,sale_id,47011,47011,DUPLICATE
47017,2026-09-09 09:51:51.560106,date,2025-08-29,2025-08-29,OUTLIER
47037,2026-09-09 09:51:51.810194,distribution_id,,,UNKNOWN
47043,2026-09-09 09:51:51.883011,date,2025-08-27,2025-08-27,OUTLIER
47045,2026-09-09 09:51:51.910149,date,2025-09-08,2025-09-08,OUTLIER
47050,2026-09-09 09:51:51.973032,date,2026/02/01,2026-02-01,TYPE_FIXED
47052,2026-09-09 09:51:52.000915,date,2025-08-24,2025-08-24,OUTLIER
47055,2026-09-09 09:51:52.033982,date,2025/12/23,2025-12-23,TYPE_FIXED
47133,2026-09-09 09:51:52.976598,date,2025/09/13,2025-09-13,TYPE_FIXED
47143,2026-09-09 09:51:53.096952,date,2025-09-07,2025-09-07,OUTLIER
47156,2026-09-09 09:51:53.243709,date,2025-08-29,2025-08-29,OUTLIER
47157,2026-09-09 09:51:53.257978,date,2025/10/29,2025-10-29,TYPE_FIXED
47237,2026-09-09 09:51:54.221503,date,2025-08-28,2025-08-28,OUTLIER
47262,2026-09-09 09:51:54.526380,date,2025-08-29,2025-08-29,OUTLIER
47275,2026-09-09 09:51:54.685906,date,2025-09-01,2025-09-01,OUTLIER
47282,2026-09-09 09:51:54.762411,date,2025-09-04,2025-09-04,OUTLIER
47302,2026-09-09 09:51:55.017722,date,2025-09-08,2025-09-08,OUTLIER
47342,2026-09-09 09:51:55.482131,date,2025-08-29,2025-08-29,OUTLIER
47354,2026-09-09 09:51:55.625834,distribution_id,,,UNKNOWN
47369,2026-09-09 09:51:55.792314,date,2025-09-03,2025-09-03,OUTLIER
47370,2026-09-09 09:51:55.810064,total_price_rial,"44,012,800",44012800,TYPE_FIXED
47379,2026-09-09 09:51:55.917830,date,2025-09-03,2025-09-03,OUTLIER
47386,2026-09-09 09:51:56.004813,date,2025-08-28,2025-08-28,OUTLIER
47396,2026-09-09 09:51:56.120106,date,2026/03/16,2026-03-16,TYPE_FIXED
47398,2026-09-09 09:51:56.146813,date,2025-08-24,2025-08-24,OUTLIER
47425,2026-09-09 09:51:56.477245,date,2025-08-30,2025-08-30,OUTLIER
47429,2026-09-09 09:51:56.521702,date,2025-08-27,2025-08-27,OUTLIER
47440,2026-09-09 09:51:56.654248,date,2025-08-31,2025-08-31,OUTLIER
47451,2026-09-09 09:51:56.791548,date,2025-09-04,2025-09-04,OUTLIER
47475,2026-09-09 09:51:57.092200,date,2025-09-02,2025-09-02,OUTLIER
47491,2026-09-09 09:51:57.296437,unit_price_rial,,,MISSING
47491,2026-09-09 09:51:57.298815,unit_price_rial,,820000,CALCULATED
47506,2026-09-09 09:51:57.472187,date,2025-09-03,2025-09-03,OUTLIER
47507,2026-09-09 09:51:57.484986,date,2025-08-29,2025-08-29,OUTLIER
47509,2026-09-09 09:51:57.508714,date,2025-08-24,2025-08-24,OUTLIER
47524,2026-09-09 09:51:57.697115,date,2025-08-27,2025-08-27,OUTLIER
47527,2026-09-09 09:51:57.732830,date,2025-09-07,2025-09-07,OUTLIER
47527,2026-09-09 09:51:57.735920,total_price_rial,"40,608,000",40608000,TYPE_FIXED
47528,2026-09-09 09:51:57.748974,date,2025-09-02,2025-09-02,OUTLIER
47530,2026-09-09 09:51:57.778343,date,2025-08-29,2025-08-29,OUTLIER
47535,2026-09-09 09:51:57.841285,date,2026/07/15,2026-07-15,TYPE_FIXED
47535,2026-09-09 09:51:57.857801,sale_id,47535,47535,DUPLICATE
47556,2026-09-09 09:51:58.109461,date,2025-08-25,2025-08-25,OUTLIER
47570,2026-09-09 09:51:58.274389,quantity,-5,,INVALID
47570,2026-09-09 09:51:58.276491,quantity,,36,CALCULATED
47593,2026-09-09 09:51:58.528547,distribution_id,,,UNKNOWN
47602,2026-09-09 09:51:58.638901,date,2025-08-27,2025-08-27,OUTLIER
47608,2026-09-09 09:51:58.711361,date,2025-09-07,2025-09-07,OUTLIER
47613,2026-09-09 09:51:58.769596,total_price_rial,"22,579,200",22579200,TYPE_FIXED
47615,2026-09-09 09:51:58.795105,distribution_id,,,UNKNOWN
47625,2026-09-09 09:51:58.914244,date,2025/09/21,2025-09-21,TYPE_FIXED
47628,2026-09-09 09:51:58.951832,date,2025-09-04,2025-09-04,OUTLIER
47700,2026-09-09 09:51:59.803666,date,2025-08-24,2025-08-24,OUTLIER
47711,2026-09-09 09:51:59.935648,date,2026/07/29,2026-07-29,TYPE_FIXED
47729,2026-09-09 09:52:00.153368,product_id,P999,P999,INVALID
47732,2026-09-09 09:52:00.192602,date,2025-09-06,2025-09-06,OUTLIER
47756,2026-09-09 09:52:00.475165,date,2025-09-08,2025-09-08,OUTLIER
47763,2026-09-09 09:52:00.553241,date,2025-09-02,2025-09-02,OUTLIER
47764,2026-09-09 09:52:00.566094,date,2025-08-24,2025-08-24,OUTLIER
47780,2026-09-09 09:52:00.749833,date,2025-09-05,2025-09-05,OUTLIER
47788,2026-09-09 09:52:00.842667,date,2025-09-01,2025-09-01,OUTLIER
47806,2026-09-09 09:52:01.073459,date,2025-08-30,2025-08-30,OUTLIER
47848,2026-09-09 09:52:01.554791,date,2025-09-04,2025-09-04,OUTLIER
47849,2026-09-09 09:52:01.569261,date,2025-08-27,2025-08-27,OUTLIER
47852,2026-09-09 09:52:01.606628,date,2025-09-05,2025-09-05,OUTLIER
47868,2026-09-09 09:52:01.807560,date,2025-08-27,2025-08-27,OUTLIER
47869,2026-09-09 09:52:01.820841,date,2026/03/01,2026-03-01,TYPE_FIXED
47877,2026-09-09 09:52:01.923375,date,2025-08-24,2025-08-24,OUTLIER
47891,2026-09-09 09:52:02.094903,total_price_rial,"28,080,000",28080000,TYPE_FIXED
47928,2026-09-09 09:52:02.509748,date,2025-09-04,2025-09-04,OUTLIER
47934,2026-09-09 09:52:02.582852,date,2025-09-02,2025-09-02,OUTLIER
47945,2026-09-09 09:52:02.710570,date,2025-08-27,2025-08-27,OUTLIER
47947,2026-09-09 09:52:02.735184,date,2025-09-06,2025-09-06,OUTLIER
47988,2026-09-09 09:52:03.240771,date,2025-09-07,2025-09-07,OUTLIER
47997,2026-09-09 09:52:03.347519,total_price_rial,45008000,45008000,INCONSISTENT
48033,2026-09-09 09:52:03.801005,date,2025/11/13,2025-11-13,TYPE_FIXED
48055,2026-09-09 09:52:04.060504,date,2025-08-30,2025-08-30,OUTLIER
48066,2026-09-09 09:52:04.201404,distribution_id,,,UNKNOWN
48116,2026-09-09 09:52:04.803032,date,2025-09-02,2025-09-02,OUTLIER
48118,2026-09-09 09:52:04.826408,date,2025-09-03,2025-09-03,OUTLIER
48127,2026-09-09 09:52:04.942314,date,2025-09-01,2025-09-01,OUTLIER
48132,2026-09-09 09:52:04.998083,unit_price_rial,,,MISSING
48132,2026-09-09 09:52:05.000453,unit_price_rial,,790000,CALCULATED
48149,2026-09-09 09:52:05.187694,product_id,P999,P999,INVALID
48155,2026-09-09 09:52:05.253932,date,2025-08-28,2025-08-28,OUTLIER
48189,2026-09-09 09:52:05.664595,date,2025-09-02,2025-09-02,OUTLIER
48193,2026-09-09 09:52:05.714961,date,2025-08-24,2025-08-24,OUTLIER
48241,2026-09-09 09:52:06.295404,distribution_id,,,UNKNOWN
48246,2026-09-09 09:52:06.359748,date,2025-08-28,2025-08-28,OUTLIER
48255,2026-09-09 09:52:06.465472,quantity,-8,,INVALID
48255,2026-09-09 09:52:06.467718,quantity,,70,CALCULATED
48267,2026-09-09 09:52:06.606072,date,2025-08-28,2025-08-28,OUTLIER
48323,2026-09-09 09:52:07.333334,date,2025-09-02,2025-09-02,OUTLIER
48329,2026-09-09 09:52:07.412988,distribution_id,,,UNKNOWN
48340,2026-09-09 09:52:07.533295,date,2025-09-08,2025-09-08,OUTLIER
48347,2026-09-09 09:52:07.614318,date,2025-08-26,2025-08-26,OUTLIER
48387,2026-09-09 09:52:08.128802,sale_id,48387,48387,DUPLICATE
48409,2026-09-09 09:52:08.391243,total_price_rial,"12,480,000",12480000,TYPE_FIXED
48428,2026-09-09 09:52:08.639438,date,2025-09-01,2025-09-01,OUTLIER
48451,2026-09-09 09:52:08.901570,date,2026/05/14,2026-05-14,TYPE_FIXED
48459,2026-09-09 09:52:09.005191,total_price_rial,11834000,11834000,INCONSISTENT
48465,2026-09-09 09:52:09.084898,date,2025-09-06,2025-09-06,OUTLIER
48465,2026-09-09 09:52:09.087727,product_id,P999,P999,INVALID
48479,2026-09-09 09:52:09.259855,date,2025-09-03,2025-09-03,OUTLIER
48495,2026-09-09 09:52:09.459735,distribution_id,,,UNKNOWN
48498,2026-09-09 09:52:09.498881,date,2025-09-07,2025-09-07,OUTLIER
48505,2026-09-09 09:52:09.586498,date,2025-08-29,2025-08-29,OUTLIER
48518,2026-09-09 09:52:09.753280,date,2025-09-07,2025-09-07,OUTLIER
48527,2026-09-09 09:52:09.868022,date,2026/03/02,2026-03-02,TYPE_FIXED
48529,2026-09-09 09:52:09.892202,date,2026/05/11,2026-05-11,TYPE_FIXED
48568,2026-09-09 09:52:10.383715,product_id,P999,P999,INVALID
48585,2026-09-09 09:52:10.602242,discount_percent,110,,INVALID
48585,2026-09-09 09:52:10.605357,discount_percent,,0,CALCULATED
48589,2026-09-09 09:52:10.646956,date,2025-08-29,2025-08-29,OUTLIER
48655,2026-09-09 09:52:11.448566,date,2025-08-28,2025-08-28,OUTLIER
48704,2026-09-09 09:52:12.036260,date,2025-09-07,2025-09-07,OUTLIER
48714,2026-09-09 09:52:12.152687,date,2025-08-29,2025-08-29,OUTLIER
48735,2026-09-09 09:52:12.410000,date,2025-09-01,2025-09-01,OUTLIER
48738,2026-09-09 09:52:12.454510,date,2025-08-25,2025-08-25,OUTLIER
48764,2026-09-09 09:52:12.775167,date,2025-09-05,2025-09-05,OUTLIER
48788,2026-09-09 09:52:13.073803,date,2025-08-24,2025-08-24,OUTLIER
48801,2026-09-09 09:52:13.232819,date,2025-09-08,2025-09-08,OUTLIER
48830,2026-09-09 09:52:13.582760,date,2025-08-26,2025-08-26,OUTLIER
48837,2026-09-09 09:52:13.666208,unit_price_rial,,,MISSING
48837,2026-09-09 09:52:13.668178,unit_price_rial,,650000,CALCULATED
48866,2026-09-09 09:52:14.035413,date,2025-09-01,2025-09-01,OUTLIER
48879,2026-09-09 09:52:14.196042,product_id,P999,P999,INVALID
48900,2026-09-09 09:52:14.468394,total_price_rial,"35,311,500",35311500,TYPE_FIXED
48911,2026-09-09 09:52:14.601971,date,2025-08-25,2025-08-25,OUTLIER
48940,2026-09-09 09:52:14.954528,date,2025-08-24,2025-08-24,OUTLIER
48961,2026-09-09 09:52:15.228317,date,2025-08-24,2025-08-24,OUTLIER
48980,2026-09-09 09:52:15.468718,date,2025-09-03,2025-09-03,OUTLIER
49017,2026-09-09 09:52:15.939068,date,2025-09-03,2025-09-03,OUTLIER
49022,2026-09-09 09:52:15.998190,date,2025-09-01,2025-09-01,OUTLIER
49053,2026-09-09 09:52:16.374519,quantity,-8,,INVALID
49053,2026-09-09 09:52:16.377221,quantity,,38,CALCULATED
49054,2026-09-09 09:52:16.390307,quantity,-7,,INVALID
49054,2026-09-09 09:52:16.392476,quantity,,124,CALCULATED
49064,2026-09-09 09:52:16.502501,distribution_id,,,UNKNOWN
49097,2026-09-09 09:52:16.897927,date,2025-09-06,2025-09-06,OUTLIER
49111,2026-09-09 09:52:17.069829,distribution_id,,,UNKNOWN
49115,2026-09-09 09:52:17.118396,total_price_rial,"36,946,000",36946000,TYPE_FIXED
49132,2026-09-09 09:52:17.324779,date,2025-09-02,2025-09-02,OUTLIER
49156,2026-09-09 09:52:17.630428,date,2025-08-25,2025-08-25,OUTLIER
49167,2026-09-09 09:52:17.772841,product_id,P999,P999,INVALID
49169,2026-09-09 09:52:17.802106,date,2025-09-02,2025-09-02,OUTLIER
49173,2026-09-09 09:52:17.858747,date,2026/03/22,2026-03-22,TYPE_FIXED
49183,2026-09-09 09:52:17.975726,date,2025-08-27,2025-08-27,OUTLIER
49242,2026-09-09 09:52:18.695355,sale_id,49242,49242,DUPLICATE
49245,2026-09-09 09:52:18.722154,date,2025-09-01,2025-09-01,OUTLIER
49263,2026-09-09 09:52:18.936619,unit_price_rial,,,MISSING
49263,2026-09-09 09:52:18.938797,unit_price_rial,,610000,CALCULATED
49297,2026-09-09 09:52:19.332859,date,2026/02/01,2026-02-01,TYPE_FIXED
49299,2026-09-09 09:52:19.358340,quantity,-4,,INVALID
49299,2026-09-09 09:52:19.360576,quantity,,31,CALCULATED
49331,2026-09-09 09:52:19.741346,date,2025-09-05,2025-09-05,OUTLIER
49350,2026-09-09 09:52:19.968094,date,2025-08-30,2025-08-30,OUTLIER
49356,2026-09-09 09:52:20.045306,date,2025-09-02,2025-09-02,OUTLIER
49361,2026-09-09 09:52:20.110275,date,2026/06/14,2026-06-14,TYPE_FIXED
49374,2026-09-09 09:52:20.274750,date,2025-08-29,2025-08-29,OUTLIER
49375,2026-09-09 09:52:20.289616,date,2025-08-25,2025-08-25,OUTLIER
49384,2026-09-09 09:52:20.396090,date,2025-09-07,2025-09-07,OUTLIER
49411,2026-09-09 09:52:20.742131,sale_id,49411,49411,DUPLICATE
49417,2026-09-09 09:52:20.807993,date,2025-08-26,2025-08-26,OUTLIER
49423,2026-09-09 09:52:20.896396,date,2026/06/15,2026-06-15,TYPE_FIXED
49452,2026-09-09 09:52:21.260954,date,2026/02/10,2026-02-10,TYPE_FIXED
49492,2026-09-09 09:52:21.768506,date,2025-08-26,2025-08-26,OUTLIER
49519,2026-09-09 09:52:22.099141,quantity,-7,,INVALID
49519,2026-09-09 09:52:22.102307,quantity,,17,CALCULATED
49569,2026-09-09 09:52:22.733077,date,2025-09-04,2025-09-04,OUTLIER
49585,2026-09-09 09:52:22.929883,date,2025-09-08,2025-09-08,OUTLIER
49586,2026-09-09 09:52:22.959153,sale_id,49586,49586,DUPLICATE
49597,2026-09-09 09:52:23.078519,date,2025-09-03,2025-09-03,OUTLIER
49607,2026-09-09 09:52:23.206287,date,2025-09-03,2025-09-03,OUTLIER
49614,2026-09-09 09:52:23.298822,date,2025-09-01,2025-09-01,OUTLIER
49629,2026-09-09 09:52:23.505676,sale_id,49629,49629,DUPLICATE
49636,2026-09-09 09:52:23.583210,date,2025-08-25,2025-08-25,OUTLIER
49642,2026-09-09 09:52:23.666796,date,2025-09-08,2025-09-08,OUTLIER
49656,2026-09-09 09:52:23.841696,date,2025-09-08,2025-09-08,OUTLIER
49657,2026-09-09 09:52:23.853535,date,2025-08-29,2025-08-29,OUTLIER
49705,2026-09-09 09:52:24.458920,distribution_id,,,UNKNOWN
49716,2026-09-09 09:52:24.586266,date,2025-08-25,2025-08-25,OUTLIER
49745,2026-09-09 09:52:24.955728,date,2025-09-05,2025-09-05,OUTLIER
49780,2026-09-09 09:52:25.386807,date,2025-08-27,2025-08-27,OUTLIER
49783,2026-09-09 09:52:25.429184,date,2025-08-26,2025-08-26,OUTLIER
49807,2026-09-09 09:52:25.718225,date,2025-09-08,2025-09-08,OUTLIER
49819,2026-09-09 09:52:25.867366,total_price_rial,"35,251,200",35251200,TYPE_FIXED
49824,2026-09-09 09:52:25.924415,date,2026/06/03,2026-06-03,TYPE_FIXED
49830,2026-09-09 09:52:25.998873,date,2025-08-29,2025-08-29,OUTLIER
49835,2026-09-09 09:52:26.062317,date,2025-08-27,2025-08-27,OUTLIER
49836,2026-09-09 09:52:26.075928,date,2025-09-06,2025-09-06,OUTLIER
49842,2026-09-09 09:52:26.145066,date,2025-09-07,2025-09-07,OUTLIER
49848,2026-09-09 09:52:26.221313,date,2025-09-07,2025-09-07,OUTLIER
49906,2026-09-09 09:52:26.950809,date,2025-09-07,2025-09-07,OUTLIER
49961,2026-09-09 09:52:27.626286,date,2025-08-27,2025-08-27,OUTLIER
49970,2026-09-09 09:52:27.728585,date,2025-09-01,2025-09-01,OUTLIER
49977,2026-09-09 09:52:27.832945,total_price_rial,"36,547,200",36547200,TYPE_FIXED
49982,2026-09-09 09:52:27.895305,date,2025-09-04,2025-09-04,OUTLIER
49994,2026-09-09 09:52:28.059210,date,2025-08-27,2025-08-27,OUTLIER
